source,category,category_name,subcategory,part_number,description,unit_cost,price_status,price_kind,vendor,vendor_invoice,price_date,freight_unit,markup_flag,sell_unit,source_note
REV19_LIBRARY,1,CAT 1 - ELECTRICAL SUPPLY - NOLAND / WINSUPPLY AND CAPITAL ELECTRIC,PVC COATED RIGID CONDUIT AND COUPLINGS - CAPITAL ELECTRIC,78401120002,ROBROY 3/4 IN PVC COATED RIGID - PER FOOT,10.6843,ok,receipt,Capital Electric,,,0,N,13.50068148,RECEIPT Capital Electric S062708764.001 7/13/26. HELD HIGH vs S062578548 $975.00 - count stock
REV19_LIBRARY,1,CAT 1 - ELECTRICAL SUPPLY - NOLAND / WINSUPPLY AND CAPITAL ELECTRIC,PVC COATED RIGID CONDUIT AND COUPLINGS - CAPITAL ELECTRIC,78456412222,CRS CPR22 3/4 IN NO-THREAD COUPLING,12.3971,ok,receipt,Capital Electric,,,0,N,15.66497556,RECEIPT Capital Electric S061626533.001 3/23/26
REV19_LIBRARY,1,CAT 1 - ELECTRICAL SUPPLY - NOLAND / WINSUPPLY AND CAPITAL ELECTRIC,"EMERGENCY STOP, PUSH BUTTONS AND ENCLOSURES - CAPITAL ELECTRIC",78590132012,"SQUARE D 9001KR9R E-STOP PUSH BUTTON, RED",136.9,ok,receipt,Capital Electric,,,0,N,172.98684,RECEIPT Capital Electric S062924393.001 8/3/26
REV19_LIBRARY,1,CAT 1 - ELECTRICAL SUPPLY - NOLAND / WINSUPPLY AND CAPITAL ELECTRIC,"EMERGENCY STOP, PUSH BUTTONS AND ENCLOSURES - CAPITAL ELECTRIC",78590188000,SQUARE D 9001KA1 CONTACT BLOCK,45.26,ok,receipt,Capital Electric,,,0,N,57.190536,RECEIPT Capital Electric S062924393.001 8/3/26
REV19_LIBRARY,1,CAT 1 - ELECTRICAL SUPPLY - NOLAND / WINSUPPLY AND CAPITAL ELECTRIC,"EMERGENCY STOP, PUSH BUTTONS AND ENCLOSURES - CAPITAL ELECTRIC",78351058010,HOFFMAN E1PB - ONE HOLE PUSH BUTTON ENCLOSURE,128.47,ok,receipt,Capital Electric,,,0,N,162.334692,RECEIPT Capital Electric S062924393.001 8/3/26
REV19_LIBRARY,1,CAT 1 - ELECTRICAL SUPPLY - NOLAND / WINSUPPLY AND CAPITAL ELECTRIC,BREAKERS AND PANEL PARTS - CAPITAL ELECTRIC,78668536188,CUTLER-HAMMER CHF220 2P 20A BREAKER,63.27,ok,receipt,Capital Electric,,,0,N,79.947972,RECEIPT Capital Electric S062466215.001 6/16/26
REV19_LIBRARY,1,CAT 1 - ELECTRICAL SUPPLY - NOLAND / WINSUPPLY AND CAPITAL ELECTRIC,CONDUIT NIPPLES AND COUPLINGS - NOLAND,1/2 BLK 150 MI SQR HD PLUG C,1/2 BLK 150 MI SQR HD PLUG CN,1.0413,ok,estimate,Noland,-,,0,N,1.31578668,OCR off a scanned Noland invoice - VERIFY
REV19_LIBRARY,1,CAT 1 - ELECTRICAL SUPPLY - NOLAND / WINSUPPLY AND CAPITAL ELECTRIC,CONDUIT NIPPLES AND COUPLINGS - NOLAND,52,3/4 GALV TUBULAR COUP,3.1931,ok,receipt,Noland,,,0,N,4.03480116,RECEIPT Noland 396156 8/18/26. OCR read - VERIFY
REV19_LIBRARY,1,CAT 1 - ELECTRICAL SUPPLY - NOLAND / WINSUPPLY AND CAPITAL ELECTRIC,CONDUIT NIPPLES AND COUPLINGS - NOLAND,6452112,3/4X1-1/2 GALV NIPPLE,2.9226,ok,receipt,Noland,,,0,N,3.69299736,RECEIPT Noland 395283 6/26/26
REV19_LIBRARY,1,CAT 1 - ELECTRICAL SUPPLY - NOLAND / WINSUPPLY AND CAPITAL ELECTRIC,CONDUIT NIPPLES AND COUPLINGS - NOLAND,645210,3/4X10 GALV NIPPLE,14.3853,ok,receipt,Noland,,,0,N,18.17726508,RECEIPT Noland 395283 6/26/26
REV19_LIBRARY,1,CAT 1 - ELECTRICAL SUPPLY - NOLAND / WINSUPPLY AND CAPITAL ELECTRIC,CONDUIT NIPPLES AND COUPLINGS - NOLAND,645212,3/4X12 GALV NIPPLE,15.9218,ok,receipt,Noland,,,0,N,20.11878648,RECEIPT Noland 395483 7/31/26
REV19_LIBRARY,1,CAT 1 - ELECTRICAL SUPPLY - NOLAND / WINSUPPLY AND CAPITAL ELECTRIC,CONDUIT NIPPLES AND COUPLINGS - NOLAND,64522,3/4X2 GALV NIPPLE,2.1698,ok,receipt,Noland,,,0,N,2.74175928,RECEIPT Noland 395283 6/26/26
REV19_LIBRARY,1,CAT 1 - ELECTRICAL SUPPLY - NOLAND / WINSUPPLY AND CAPITAL ELECTRIC,CONDUIT NIPPLES AND COUPLINGS - NOLAND,6452212,3/4X2-1/2 GALV NIPPLE,3.8057,ok,receipt,Noland,,,0,N,4.80888252,RECEIPT Noland 395283 6/26/26
REV19_LIBRARY,1,CAT 1 - ELECTRICAL SUPPLY - NOLAND / WINSUPPLY AND CAPITAL ELECTRIC,CONDUIT NIPPLES AND COUPLINGS - NOLAND,64523,3/4X3 GALV NIPPLE,3.425,ok,receipt,Noland,,,0,N,4.32783,RECEIPT Noland 396156 8/18/26
REV19_LIBRARY,1,CAT 1 - ELECTRICAL SUPPLY - NOLAND / WINSUPPLY AND CAPITAL ELECTRIC,CONDUIT NIPPLES AND COUPLINGS - NOLAND,6452312,3/4X3-1/2 GALV NIPPLE,4.5894,ok,receipt,Noland,,,0,N,5.79916584,RECEIPT Noland 396156 8/18/26
REV19_LIBRARY,1,CAT 1 - ELECTRICAL SUPPLY - NOLAND / WINSUPPLY AND CAPITAL ELECTRIC,CONDUIT NIPPLES AND COUPLINGS - NOLAND,64524,3/4X4 GALV NIPPLE,3.1829,ok,receipt,Noland,,,0,N,4.02191244,RECEIPT Noland 395283 7/21/26
REV19_LIBRARY,1,CAT 1 - ELECTRICAL SUPPLY - NOLAND / WINSUPPLY AND CAPITAL ELECTRIC,CONDUIT NIPPLES AND COUPLINGS - NOLAND,5572,3/4X4-1/2 GALV COND NPL,3.87,ok,receipt,Noland,,,0,N,4.890132,RECEIPT Noland 395483 7/21/26
REV19_LIBRARY,1,CAT 1 - ELECTRICAL SUPPLY - NOLAND / WINSUPPLY AND CAPITAL ELECTRIC,CONDUIT NIPPLES AND COUPLINGS - NOLAND,64525,3/4X5 GALV NIPPLE,3.6609,ok,receipt,Noland,,,0,N,4.62591324,RECEIPT Noland 395678 7/21/26. OCR read - VERIFY
REV19_LIBRARY,1,CAT 1 - ELECTRICAL SUPPLY - NOLAND / WINSUPPLY AND CAPITAL ELECTRIC,CONDUIT NIPPLES AND COUPLINGS - NOLAND,5574,3/4X5-1/2 GALV COND NPL,4.71,ok,receipt,Noland,,,0,N,5.951556,RECEIPT Noland 395483 7/21/26
REV19_LIBRARY,1,CAT 1 - ELECTRICAL SUPPLY - NOLAND / WINSUPPLY AND CAPITAL ELECTRIC,CONDUIT NIPPLES AND COUPLINGS - NOLAND,64526,3/4X6 GALV NIPPLE,4.2544,ok,receipt,Noland,,,0,N,5.37585984,RECEIPT Noland 395283 6/26/26. OCR read - VERIFY
REV19_LIBRARY,1,CAT 1 - ELECTRICAL SUPPLY - NOLAND / WINSUPPLY AND CAPITAL ELECTRIC,CONDUIT NIPPLES AND COUPLINGS - NOLAND,64528,3/4X8 GALV NIPPLE,9.3619,ok,receipt,Noland,,,0,N,11.82969684,RECEIPT Noland 395283 7/8/26
REV19_LIBRARY,1,CAT 1 - ELECTRICAL SUPPLY - NOLAND / WINSUPPLY AND CAPITAL ELECTRIC,CONDUIT NIPPLES AND COUPLINGS - NOLAND,6452,3/4XCL GALV NIPPLE,1.9113,ok,receipt,Noland,,,0,N,2.41511868,RECEIPT Noland 395483 7/31/26
REV19_LIBRARY,1,CAT 1 - ELECTRICAL SUPPLY - NOLAND / WINSUPPLY AND CAPITAL ELECTRIC,EMT AND COMBINATION FITTINGS - NOLAND,651S,1/2 STL CMPRN EMT CONN,0.3945,ok,receipt,Noland,,,0,N,0.4984902,RECEIPT Noland 395283 7/8/26
REV19_LIBRARY,1,CAT 1 - ELECTRICAL SUPPLY - NOLAND / WINSUPPLY AND CAPITAL ELECTRIC,EMT AND COMBINATION FITTINGS - NOLAND,852S,3/4 3PC STL CPLG,8.9263,ok,receipt,Noland,,,0,N,11.27927268,RECEIPT Noland 395283 7/8/26
REV19_LIBRARY,1,CAT 1 - ELECTRICAL SUPPLY - NOLAND / WINSUPPLY AND CAPITAL ELECTRIC,EMT AND COMBINATION FITTINGS - NOLAND,352SS,3/4 RGD&EMT COMB PULL EL,7.4288,ok,estimate,Noland,-,,0,N,9.38703168,OCR off a scanned Noland invoice - VERIFY
REV19_LIBRARY,1,CAT 1 - ELECTRICAL SUPPLY - NOLAND / WINSUPPLY AND CAPITAL ELECTRIC,EMT AND COMBINATION FITTINGS - NOLAND,652S,3/4 STL CMPRN EMT CONN,0.3836,ok,receipt,Noland,,,0,N,0.48471696,RECEIPT Noland 396156 8/18/26
REV19_LIBRARY,1,CAT 1 - ELECTRICAL SUPPLY - NOLAND / WINSUPPLY AND CAPITAL ELECTRIC,EMT AND COMBINATION FITTINGS - NOLAND,662S,3/4 STL CMPRN EMT CPLG,0.4521,ok,receipt,Noland,,,0,N,0.57127356,RECEIPT Noland 396156 8/18/26
REV19_LIBRARY,1,CAT 1 - ELECTRICAL SUPPLY - NOLAND / WINSUPPLY AND CAPITAL ELECTRIC,EMT AND COMBINATION FITTINGS - NOLAND,642S,3/4 STL S/SCR EMT CPLG,0.4779,ok,receipt,Noland,,,0,N,0.60387444,RECEIPT Noland 396156 8/18/26
REV19_LIBRARY,1,CAT 1 - ELECTRICAL SUPPLY - NOLAND / WINSUPPLY AND CAPITAL ELECTRIC,"EXPLOSION PROOF, UNILETS, SEALS AND CONDUIT BODIES - NOLAND",PLG-50R,1/2 RECESSED PLUG,6.2753,ok,receipt,Noland,,,0,N,7.92946908,RECEIPT Noland 395678 8/11/26
REV19_LIBRARY,1,CAT 1 - ELECTRICAL SUPPLY - NOLAND / WINSUPPLY AND CAPITAL ELECTRIC,"EXPLOSION PROOF, UNILETS, SEALS AND CONDUIT BODIES - NOLAND",RB10075,1X3/4 RED BUSHING,4.2481,ok,receipt,Noland,,,0,N,5.36789916,RECEIPT Noland 396156 8/18/26
REV19_LIBRARY,1,CAT 1 - ELECTRICAL SUPPLY - NOLAND / WINSUPPLY AND CAPITAL ELECTRIC,"EXPLOSION PROOF, UNILETS, SEALS AND CONDUIT BODIES - NOLAND",RB4TZ,1X3/4 RGD RED BSHG,2.0073,ok,estimate,Noland,-,,0,N,2.53642428,OCR off a scanned Noland invoice - VERIFY
REV19_LIBRARY,1,CAT 1 - ELECTRICAL SUPPLY - NOLAND / WINSUPPLY AND CAPITAL ELECTRIC,"EXPLOSION PROOF, UNILETS, SEALS AND CONDUIT BODIES - NOLAND",ELBY-75,3/4 90D CAPPED ELL,34.3477,ok,receipt,Noland,,,0,N,43.40175372,RECEIPT Noland 395483 7/21/26. OCR read - VERIFY
REV19_LIBRARY,1,CAT 1 - ELECTRICAL SUPPLY - NOLAND / WINSUPPLY AND CAPITAL ELECTRIC,"EXPLOSION PROOF, UNILETS, SEALS AND CONDUIT BODIES - NOLAND",UNF75NR,3/4 FEMALE UNION,21.1374,ok,receipt,Noland,,,0,N,26.70921864,RECEIPT Noland 396181 8/19/26
REV19_LIBRARY,1,CAT 1 - ELECTRICAL SUPPLY - NOLAND / WINSUPPLY AND CAPITAL ELECTRIC,"EXPLOSION PROOF, UNILETS, SEALS AND CONDUIT BODIES - NOLAND",GRLB75,3/4 JCT UNILET,89.736,ok,receipt,Noland,,,0,N,113.3904096,RECEIPT Noland 396156 8/18/26
REV19_LIBRARY,1,CAT 1 - ELECTRICAL SUPPLY - NOLAND / WINSUPPLY AND CAPITAL ELECTRIC,"EXPLOSION PROOF, UNILETS, SEALS AND CONDUIT BODIES - NOLAND",GRUJ-2P,3/4 JCT UNILET,105.2157,ok,estimate,Noland,-,,0,N,132.95055852,OCR off a scanned Noland invoice - VERIFY
REV19_LIBRARY,1,CAT 1 - ELECTRICAL SUPPLY - NOLAND / WINSUPPLY AND CAPITAL ELECTRIC,"EXPLOSION PROOF, UNILETS, SEALS AND CONDUIT BODIES - NOLAND",EYF-75,3/4 MALL COND SEAL,34.7996,ok,receipt,Noland,,,0,N,43.97277456,RECEIPT Noland 396156 8/18/26
REV19_LIBRARY,1,CAT 1 - ELECTRICAL SUPPLY - NOLAND / WINSUPPLY AND CAPITAL ELECTRIC,"EXPLOSION PROOF, UNILETS, SEALS AND CONDUIT BODIES - NOLAND",202,3/4 RGD W/T HUB,8.268,ok,receipt,Noland,,,0,N,10.4474448,RECEIPT Noland 396156 8/18/26. OCR read - VERIFY
REV19_LIBRARY,1,CAT 1 - ELECTRICAL SUPPLY - NOLAND / WINSUPPLY AND CAPITAL ELECTRIC,ELECTRICAL TOOLS - NOLAND,DMD-129,29-PIECE DRILL BIT SET,115.2,ok,estimate,Noland,-,,0,N,145.56672,OCR off a scanned Noland invoice - VERIFY
REV19_LIBRARY,1,CAT 1 - ELECTRICAL SUPPLY - NOLAND / WINSUPPLY AND CAPITAL ELECTRIC,WIRE - PER FOOT. FREIGHT IS A PER FOOT ADDER.,22964101,12-19 CU THHN BLK,0.3416,ok,receipt,Noland,,,0.1,N,0.53164576,RECEIPT Noland 395678 7/21/26
REV19_LIBRARY,1,CAT 1 - ELECTRICAL SUPPLY - NOLAND / WINSUPPLY AND CAPITAL ELECTRIC,WIRE - PER FOOT. FREIGHT IS A PER FOOT ADDER.,22971601,12-19 CU THHN BRN,0.228,ok,receipt,Noland,,,0.1,N,0.3881008,RECEIPT Noland 396156 8/18/26. OCR read - VERIFY
REV19_LIBRARY,1,CAT 1 - ELECTRICAL SUPPLY - NOLAND / WINSUPPLY AND CAPITAL ELECTRIC,WIRE - PER FOOT. FREIGHT IS A PER FOOT ADDER.,22968221,12-19 CU THHN GRN,0.3515,ok,receipt,Noland,,,0.1,N,0.5441554,RECEIPT Noland 395678 7/21/26
REV19_LIBRARY,1,CAT 1 - ELECTRICAL SUPPLY - NOLAND / WINSUPPLY AND CAPITAL ELECTRIC,WIRE - PER FOOT. FREIGHT IS A PER FOOT ADDER.,22972401,12-19 CU THHN GRY,0.228,ok,receipt,Noland,,,0.1,N,0.3881008,RECEIPT Noland 396156 8/18/26
REV19_LIBRARY,1,CAT 1 - ELECTRICAL SUPPLY - NOLAND / WINSUPPLY AND CAPITAL ELECTRIC,WIRE - PER FOOT. FREIGHT IS A PER FOOT ADDER.,22970801,12-19 CU THHN ORG,0.1711,ok,receipt,Noland,,,0.1,N,0.31620196,RECEIPT Noland 396156 8/18/26. OCR read - VERIFY
REV19_LIBRARY,1,CAT 1 - ELECTRICAL SUPPLY - NOLAND / WINSUPPLY AND CAPITAL ELECTRIC,WIRE - PER FOOT. FREIGHT IS A PER FOOT ADDER.,22965857,12-19 CU THHN WHT,0.2975,ok,receipt,Noland,,,0.1,N,0.475921,RECEIPT Noland 395678 7/21/26
REV19_LIBRARY,1,CAT 1 - ELECTRICAL SUPPLY - NOLAND / WINSUPPLY AND CAPITAL ELECTRIC,WIRE - PER FOOT. FREIGHT IS A PER FOOT ADDER.,12-19 CU THHN WIRE - BLACK,12-19 CU THHN WIRE - BLACK,0.2975,ok,estimate,Noland,-,,0,N,0.375921,OCR off a scanned Noland invoice - VERIFY
REV19_LIBRARY,1,CAT 1 - ELECTRICAL SUPPLY - NOLAND / WINSUPPLY AND CAPITAL ELECTRIC,WIRE - PER FOOT. FREIGHT IS A PER FOOT ADDER.,12-19 CU THHN WIRE - GREEN,12-19 CU THHN WIRE - GREEN,0.2975,ok,estimate,Noland,-,,0,N,0.375921,OCR off a scanned Noland invoice - VERIFY
REV19_LIBRARY,1,CAT 1 - ELECTRICAL SUPPLY - NOLAND / WINSUPPLY AND CAPITAL ELECTRIC,WIRE - PER FOOT. FREIGHT IS A PER FOOT ADDER.,12-19 CU THHN WIRE - WHITE,12-19 CU THHN WIRE - WHITE,0.2975,ok,estimate,Noland,-,,0,N,0.375921,OCR off a scanned Noland invoice - VERIFY
REV19_LIBRARY,1,CAT 1 - ELECTRICAL SUPPLY - NOLAND / WINSUPPLY AND CAPITAL ELECTRIC,WIRE - PER FOOT. FREIGHT IS A PER FOOT ADDER.,22955957,14-19 CU THHN BLK,0.1544,ok,estimate,Noland,-,,0.1,N,0.29509984,OCR off a scanned Noland invoice - VERIFY
REV19_LIBRARY,1,CAT 1 - ELECTRICAL SUPPLY - NOLAND / WINSUPPLY AND CAPITAL ELECTRIC,WIRE - PER FOOT. FREIGHT IS A PER FOOT ADDER.,22959101,14-19 CU THHN GRN,0.1544,ok,estimate,Noland,-,,0.1,N,0.29509984,OCR off a scanned Noland invoice - VERIFY
REV19_LIBRARY,1,CAT 1 - ELECTRICAL SUPPLY - NOLAND / WINSUPPLY AND CAPITAL ELECTRIC,WIRE - PER FOOT. FREIGHT IS A PER FOOT ADDER.,22956701,14-19 CU THHN WHT,0.1544,ok,estimate,Noland,-,,0.1,N,0.29509984,OCR off a scanned Noland invoice - VERIFY
REV19_LIBRARY,1,CAT 1 - ELECTRICAL SUPPLY - NOLAND / WINSUPPLY AND CAPITAL ELECTRIC,WIRE - PER FOOT. FREIGHT IS A PER FOOT ADDER.,FEP-18-02-OAS-LK,VEEDER-ROOT PROBE AND SENSOR CABLE - PER FOOT,0.725,ok,receipt,,,,0,N,0.91611,"RECEIPT WCW inv 3214941 5/15/26 $725.00/MFT, freight $0. 10,000 ft to shop stock 12/25-5/26 - COUNT THE SHELF"
REV19_LIBRARY,1,CAT 1 - ELECTRICAL SUPPLY - NOLAND / WINSUPPLY AND CAPITAL ELECTRIC,WIRE - PER FOOT. FREIGHT IS A PER FOOT ADDER.,FEP-CAT6,CAT6 PLENUM CABLE - PER FOOT,1.498,ok,receipt,,,,0,N,1.8928728,"RECEIPT WCW inv 2035385 3/29/21 $1,498.00/MFT, freight $0. 5 YRS OLD - get a current number"
REV19_LIBRARY,1,CAT 1 - ELECTRICAL SUPPLY - NOLAND / WINSUPPLY AND CAPITAL ELECTRIC,WIRE - PER FOOT. FREIGHT IS A PER FOOT ADDER.,INTERCOM 4 COND,"INTERCOM, 4 CONDUCTOR - PER FOOT",1.9209,ok,estimate,,,,0,N,2.42724924,RPS price list - NO RECEIPT
REV19_LIBRARY,1,CAT 1 - ELECTRICAL SUPPLY - NOLAND / WINSUPPLY AND CAPITAL ELECTRIC,WIRE - PER FOOT. FREIGHT IS A PER FOOT ADDER.,036015-1012,DATA TWISTED PAIR 18-1P TFFN - PER FOOT,0.315,ok,receipt,,,,0,N,0.398034,"RECEIPT WCW inv 3232238 6/9/26 $315.00/MFT, freight $0. Twisted to order, 2-3 days"
REV19_LIBRARY,2,"CAT 2 - HARD PIPE AND FITTINGS - NOLAND / WINSUPPLY IS THE PIPE VENDOR NOW, NOT FERGUSON",4 INCH RISERS FOR THE SPILL CONTAINER - NOLAND,IBNPP,4 IN x 4 IN BLACK STEEL NIPPLE - SHORT RISER,24.4967,ok,receipt,Noland,,,0,N,30.95403012,RECEIPT Noland 395902 8/5/26
REV19_LIBRARY,2,"CAT 2 - HARD PIPE AND FITTINGS - NOLAND / WINSUPPLY IS THE PIPE VENDOR NOW, NOT FERGUSON",4 INCH RISERS FOR THE SPILL CONTAINER - NOLAND,IBNP12,4 IN x 12 IN BLACK STEEL NIPPLE - RISER,46.0641,ok,receipt,Noland,,,0,N,58.20659676,RECEIPT Noland 395678 8/11/26
REV19_LIBRARY,2,"CAT 2 - HARD PIPE AND FITTINGS - NOLAND / WINSUPPLY IS THE PIPE VENDOR NOW, NOT FERGUSON",4 INCH RISERS FOR THE SPILL CONTAINER - NOLAND,IBNP18,4 IN x 18 IN BLACK STEEL NIPPLE - LONG RISER,72.431,ok,receipt,Noland,,,0,N,91.5238116,RECEIPT Noland 395902 8/5/26
REV19_LIBRARY,2,"CAT 2 - HARD PIPE AND FITTINGS - NOLAND / WINSUPPLY IS THE PIPE VENDOR NOW, NOT FERGUSON",1-1/2 INCH - BLACK AND GALVANIZED - NOLAND,1-1/2 BLK 150 MI 90 ELBOW CN,1-1/2 BLK 150 MI 90 ELBOW CN,4.5952,ok,receipt,Noland,,,0,N,5.80649472,RECEIPT Noland 395283 6/26/26
REV19_LIBRARY,2,"CAT 2 - HARD PIPE AND FITTINGS - NOLAND / WINSUPPLY IS THE PIPE VENDOR NOW, NOT FERGUSON",1-1/2 INCH - BLACK AND GALVANIZED - NOLAND,1-1/2 BLK 150 MI CAP CN,1-1/2 BLK 150 MI CAP CN,3.2939,ok,receipt,Noland,,,0,N,4.16217204,RECEIPT Noland 395035 6/16/26
REV19_LIBRARY,2,"CAT 2 - HARD PIPE AND FITTINGS - NOLAND / WINSUPPLY IS THE PIPE VENDOR NOW, NOT FERGUSON",1-1/2 INCH - BLACK AND GALVANIZED - NOLAND,1-1/2 BLK 150 MI COUPLING CN,1-1/2 BLK 150 MI COUPLING CN,4.5849,ok,receipt,Noland,,,0,N,5.79347964,RECEIPT Noland 395283 6/26/26
REV19_LIBRARY,2,"CAT 2 - HARD PIPE AND FITTINGS - NOLAND / WINSUPPLY IS THE PIPE VENDOR NOW, NOT FERGUSON",1-1/2 INCH - BLACK AND GALVANIZED - NOLAND,1-1/2 BLK 150 MI SQR PLUG CN,1-1/2 BLK 150 MI SQR PLUG CN,2.5128,ok,receipt,Noland,,,0,N,3.17517408,RECEIPT Noland 395283 6/26/26
REV19_LIBRARY,2,"CAT 2 - HARD PIPE AND FITTINGS - NOLAND / WINSUPPLY IS THE PIPE VENDOR NOW, NOT FERGUSON",1-1/2 INCH - BLACK AND GALVANIZED - NOLAND,1-1/2 BLK 150 MI TEE CN,1-1/2 BLK 150 MI TEE CN,10.1807,ok,receipt,Noland,,,0,N,12.86433252,RECEIPT Noland 395283 6/26/26
REV19_LIBRARY,2,"CAT 2 - HARD PIPE AND FITTINGS - NOLAND / WINSUPPLY IS THE PIPE VENDOR NOW, NOT FERGUSON",1-1/2 INCH - BLACK AND GALVANIZED - NOLAND,1-1/2 BLK 150 MI UNION CN,1-1/2 BLK 150 MI UNION CN,18.6401,ok,receipt,Noland,,,0,N,23.55363036,RECEIPT Noland 395283 6/26/26
REV19_LIBRARY,2,"CAT 2 - HARD PIPE AND FITTINGS - NOLAND / WINSUPPLY IS THE PIPE VENDOR NOW, NOT FERGUSON",1-1/2 INCH - BLACK AND GALVANIZED - NOLAND,1-1/2 GALV 150 MI 90 ELBOW C,1-1/2 GALV 150 MI 90 ELBOW CN,7.4346,ok,receipt,Noland,,,0,N,9.39436056,RECEIPT Noland 395283 7/8/26
REV19_LIBRARY,2,"CAT 2 - HARD PIPE AND FITTINGS - NOLAND / WINSUPPLY IS THE PIPE VENDOR NOW, NOT FERGUSON",1-1/2 INCH - BLACK AND GALVANIZED - NOLAND,1-1/2 GALV 150 MI CAP TH,1-1/2 GALV 150 MI CAP TH,5.07,ok,receipt,Noland,,,0,N,6.406452,RECEIPT Noland 395283 7/8/26
REV19_LIBRARY,2,"CAT 2 - HARD PIPE AND FITTINGS - NOLAND / WINSUPPLY IS THE PIPE VENDOR NOW, NOT FERGUSON",1-1/2 INCH - BLACK AND GALVANIZED - NOLAND,1-1/2 GALV 150 MI SQR PLUG T,1-1/2 GALV 150 MI SQR PLUG TH,5.44,ok,receipt,Noland,,,0,N,6.873984,RECEIPT Noland 395283 7/8/26
REV19_LIBRARY,2,"CAT 2 - HARD PIPE AND FITTINGS - NOLAND / WINSUPPLY IS THE PIPE VENDOR NOW, NOT FERGUSON",1-1/2 INCH - BLACK AND GALVANIZED - NOLAND,1-1/2 GALV 150 MI TEE CN,1-1/2 GALV 150 MI TEE CN,14.1595,ok,receipt,Noland,,,0,N,17.8919442,RECEIPT Noland 395283 7/8/26
REV19_LIBRARY,2,"CAT 2 - HARD PIPE AND FITTINGS - NOLAND / WINSUPPLY IS THE PIPE VENDOR NOW, NOT FERGUSON",1-1/2 INCH - BLACK AND GALVANIZED - NOLAND,1-1/2 GALV 150 MI UNION CN,1-1/2 GALV 150 MI UNION CN,20.0035,ok,receipt,Noland,,,0,N,25.2764226,RECEIPT Noland 395902 8/11/26
REV19_LIBRARY,2,"CAT 2 - HARD PIPE AND FITTINGS - NOLAND / WINSUPPLY IS THE PIPE VENDOR NOW, NOT FERGUSON",1-1/2 INCH - BLACK AND GALVANIZED - NOLAND,1-1/2X10 GALV STL NIPL IMP,1-1/2X10 GALV STL NIPL IMP,18.7891,ok,estimate,Noland,-,,0,N,23.74190676,OCR off a scanned Noland invoice - VERIFY
REV19_LIBRARY,2,"CAT 2 - HARD PIPE AND FITTINGS - NOLAND / WINSUPPLY IS THE PIPE VENDOR NOW, NOT FERGUSON",1-1/2 INCH - BLACK AND GALVANIZED - NOLAND,1-1/2X11 BLK STL NIPL IMP,1-1/2X11 BLK STL NIPL IMP,11.253,ok,receipt,Noland,,,0,N,14.2192908,RECEIPT Noland 395283 7/8/26
REV19_LIBRARY,2,"CAT 2 - HARD PIPE AND FITTINGS - NOLAND / WINSUPPLY IS THE PIPE VENDOR NOW, NOT FERGUSON",1-1/2 INCH - BLACK AND GALVANIZED - NOLAND,1-1/2X11 GALV STL NIPL IMP,1-1/2X11 GALV STL NIPL IMP,15.3598,ok,receipt,Noland,,,0,N,19.40864328,RECEIPT Noland 395283 6/26/26
REV19_LIBRARY,2,"CAT 2 - HARD PIPE AND FITTINGS - NOLAND / WINSUPPLY IS THE PIPE VENDOR NOW, NOT FERGUSON",1-1/2 INCH - BLACK AND GALVANIZED - NOLAND,1-1/2X12 BLK STL NIPL IMP,1-1/2X12 BLK STL NIPL IMP,11.9038,ok,receipt,Noland,,,0,N,15.04164168,RECEIPT Noland 395283 6/26/26
REV19_LIBRARY,2,"CAT 2 - HARD PIPE AND FITTINGS - NOLAND / WINSUPPLY IS THE PIPE VENDOR NOW, NOT FERGUSON",1-1/2 INCH - BLACK AND GALVANIZED - NOLAND,1-1/2X12 GALV STL NIPL IMP,1-1/2X12 GALV STL NIPL IMP,14.5648,ok,receipt,Noland,,,0,N,18.40408128,RECEIPT Noland 395283 6/26/26
REV19_LIBRARY,2,"CAT 2 - HARD PIPE AND FITTINGS - NOLAND / WINSUPPLY IS THE PIPE VENDOR NOW, NOT FERGUSON",1-1/2 INCH - BLACK AND GALVANIZED - NOLAND,1-1/2X2-1/2 BLK STL NIPL IMP,1-1/2X2-1/2 BLK STL NIPL IMP,3.4611,ok,receipt,Noland,,,0,N,4.37344596,RECEIPT Noland 395283 6/26/26
REV19_LIBRARY,2,"CAT 2 - HARD PIPE AND FITTINGS - NOLAND / WINSUPPLY IS THE PIPE VENDOR NOW, NOT FERGUSON",1-1/2 INCH - BLACK AND GALVANIZED - NOLAND,1-1/2X2-1/2 GALV STL NIPL IM,1-1/2X2-1/2 GALV STL NIPL IMP,4.3612,ok,receipt,Noland,,,0,N,5.51081232,RECEIPT Noland 396156 8/18/26
REV19_LIBRARY,2,"CAT 2 - HARD PIPE AND FITTINGS - NOLAND / WINSUPPLY IS THE PIPE VENDOR NOW, NOT FERGUSON",1-1/2 INCH - BLACK AND GALVANIZED - NOLAND,1-1/2X3 BLK STL NIPL IMP,1-1/2X3 BLK STL NIPL IMP,3.8002,ok,receipt,Noland,,,0,N,4.80193272,RECEIPT Noland 395283 6/26/26
REV19_LIBRARY,2,"CAT 2 - HARD PIPE AND FITTINGS - NOLAND / WINSUPPLY IS THE PIPE VENDOR NOW, NOT FERGUSON",1-1/2 INCH - BLACK AND GALVANIZED - NOLAND,1-1/2X3 GALV STL NIPL IMP,1-1/2X3 GALV STL NIPL IMP,4.3612,ok,receipt,Noland,,,0,N,5.51081232,RECEIPT Noland 396156 8/18/26
REV19_LIBRARY,2,"CAT 2 - HARD PIPE AND FITTINGS - NOLAND / WINSUPPLY IS THE PIPE VENDOR NOW, NOT FERGUSON",1-1/2 INCH - BLACK AND GALVANIZED - NOLAND,1-1/2X4 BLK STL NIPL IMP,1-1/2X4 BLK STL NIPL IMP,4.0136,ok,receipt,Noland,,,0,N,5.07158496,RECEIPT Noland 395072 6/17/26
REV19_LIBRARY,2,"CAT 2 - HARD PIPE AND FITTINGS - NOLAND / WINSUPPLY IS THE PIPE VENDOR NOW, NOT FERGUSON",1-1/2 INCH - BLACK AND GALVANIZED - NOLAND,1-1/2X4 GALV STL NIPL IMP,1-1/2X4 GALV STL NIPL IMP,7.6865,ok,receipt,Noland,,,0,N,9.7126614,RECEIPT Noland 396156 8/18/26
REV19_LIBRARY,2,"CAT 2 - HARD PIPE AND FITTINGS - NOLAND / WINSUPPLY IS THE PIPE VENDOR NOW, NOT FERGUSON",1-1/2 INCH - BLACK AND GALVANIZED - NOLAND,1-1/2X4-1/2 BLK STL NIPL IMP,1-1/2X4-1/2 BLK STL NIPL IMP,4.5,ok,receipt,Noland,,,0,N,5.6862,RECEIPT Noland 395072 6/17/26
REV19_LIBRARY,2,"CAT 2 - HARD PIPE AND FITTINGS - NOLAND / WINSUPPLY IS THE PIPE VENDOR NOW, NOT FERGUSON",1-1/2 INCH - BLACK AND GALVANIZED - NOLAND,1-1/2X4-1/2 GALV STL NIPL IM,1-1/2X4-1/2 GALV STL NIPL IMP,8.0915,ok,receipt,Noland,,,0,N,10.2244194,RECEIPT Noland 395283 7/8/26
REV19_LIBRARY,2,"CAT 2 - HARD PIPE AND FITTINGS - NOLAND / WINSUPPLY IS THE PIPE VENDOR NOW, NOT FERGUSON",1-1/2 INCH - BLACK AND GALVANIZED - NOLAND,1-1/2X5 BLK STL NIPL IMP,1-1/2X5 BLK STL NIPL IMP,4,ok,receipt,Noland,,,0,N,5.0544,RECEIPT Noland 395283 7/8/26
REV19_LIBRARY,2,"CAT 2 - HARD PIPE AND FITTINGS - NOLAND / WINSUPPLY IS THE PIPE VENDOR NOW, NOT FERGUSON",1-1/2 INCH - BLACK AND GALVANIZED - NOLAND,1-1/2X5 GALV STL NIPL IMP,1-1/2X5 GALV STL NIPL IMP,8.0533,ok,receipt,Noland,,,0,N,10.17614988,RECEIPT Noland 395035 6/16/26
REV19_LIBRARY,2,"CAT 2 - HARD PIPE AND FITTINGS - NOLAND / WINSUPPLY IS THE PIPE VENDOR NOW, NOT FERGUSON",1-1/2 INCH - BLACK AND GALVANIZED - NOLAND,1-1/2X5-1/2 BLK STL NIPL IMP,1-1/2X5-1/2 BLK STL NIPL IMP,5.2539,ok,receipt,Noland,,,0,N,6.63882804,RECEIPT Noland 395072 6/17/26
REV19_LIBRARY,2,"CAT 2 - HARD PIPE AND FITTINGS - NOLAND / WINSUPPLY IS THE PIPE VENDOR NOW, NOT FERGUSON",1-1/2 INCH - BLACK AND GALVANIZED - NOLAND,1-1/2X5-1/2 GALV STL NIPL IM,1-1/2X5-1/2 GALV STL NIPL IMP,8.0774,ok,receipt,Noland,,,0,N,10.20660264,RECEIPT Noland 395283 7/8/26
REV19_LIBRARY,2,"CAT 2 - HARD PIPE AND FITTINGS - NOLAND / WINSUPPLY IS THE PIPE VENDOR NOW, NOT FERGUSON",1-1/2 INCH - BLACK AND GALVANIZED - NOLAND,1-1/2X6 BLK STL NIPL IMP,1-1/2X6 BLK STL NIPL IMP,5.2539,ok,receipt,Noland,,,0,N,6.63882804,RECEIPT Noland 395283 6/26/26
REV19_LIBRARY,2,"CAT 2 - HARD PIPE AND FITTINGS - NOLAND / WINSUPPLY IS THE PIPE VENDOR NOW, NOT FERGUSON",1-1/2 INCH - BLACK AND GALVANIZED - NOLAND,1-1/2X7 BLK STL NIPL IMP,1-1/2X7 BLK STL NIPL IMP,8.3653,ok,receipt,Noland,,,0,N,10.57039308,RECEIPT Noland 395283 6/26/26
REV19_LIBRARY,2,"CAT 2 - HARD PIPE AND FITTINGS - NOLAND / WINSUPPLY IS THE PIPE VENDOR NOW, NOT FERGUSON",1-1/2 INCH - BLACK AND GALVANIZED - NOLAND,1-1/2X7 GALV STL NIPL IMP,1-1/2X7 GALV STL NIPL IMP,10.6282,ok,receipt,Noland,,,0,N,13.42979352,RECEIPT Noland 395035 6/16/26
REV19_LIBRARY,2,"CAT 2 - HARD PIPE AND FITTINGS - NOLAND / WINSUPPLY IS THE PIPE VENDOR NOW, NOT FERGUSON",1-1/2 INCH - BLACK AND GALVANIZED - NOLAND,1-1/2X8 BLK STL NIPL IMP,1-1/2X8 BLK STL NIPL IMP,8.9057,ok,estimate,Noland,-,,0,N,11.25324252,OCR off a scanned Noland invoice - VERIFY
REV19_LIBRARY,2,"CAT 2 - HARD PIPE AND FITTINGS - NOLAND / WINSUPPLY IS THE PIPE VENDOR NOW, NOT FERGUSON",1-1/2 INCH - BLACK AND GALVANIZED - NOLAND,1-1/2X8 GALV STL NIPL IMP,1-1/2X8 GALV STL NIPL IMP,16.1321,ok,receipt,Noland,,,0,N,20.38452156,RECEIPT Noland 395035 6/16/26
REV19_LIBRARY,2,"CAT 2 - HARD PIPE AND FITTINGS - NOLAND / WINSUPPLY IS THE PIPE VENDOR NOW, NOT FERGUSON",1-1/2 INCH - BLACK AND GALVANIZED - NOLAND,1-1/2X9 BLK STL NIPL IMP,1-1/2X9 BLK STL NIPL IMP,9,ok,estimate,Noland,-,,0,N,11.3724,OCR off a scanned Noland invoice - VERIFY
REV19_LIBRARY,2,"CAT 2 - HARD PIPE AND FITTINGS - NOLAND / WINSUPPLY IS THE PIPE VENDOR NOW, NOT FERGUSON",1-1/2 INCH - BLACK AND GALVANIZED - NOLAND,1-1/2X9 GALV STL NIPL IMP,1-1/2X9 GALV STL NIPL IMP,15.6662,ok,estimate,Noland,-,,0,N,19.79581032,OCR off a scanned Noland invoice - VERIFY
REV19_LIBRARY,2,"CAT 2 - HARD PIPE AND FITTINGS - NOLAND / WINSUPPLY IS THE PIPE VENDOR NOW, NOT FERGUSON",1-1/2 INCH - BLACK AND GALVANIZED - NOLAND,1-1/2XCL BLK STL NIPL IMP,1-1/2XCL BLK STL NIPL IMP,2.8624,ok,receipt,Noland,,,0,N,3.61692864,RECEIPT Noland 396156 8/18/26
REV19_LIBRARY,2,"CAT 2 - HARD PIPE AND FITTINGS - NOLAND / WINSUPPLY IS THE PIPE VENDOR NOW, NOT FERGUSON",1-1/2 INCH - BLACK AND GALVANIZED - NOLAND,1-1/2XCL GALV STL NIPL IMP,1-1/2XCL GALV STL NIPL IMP,3.4631,ok,receipt,Noland,,,0,N,4.37597316,RECEIPT Noland 395283 7/8/26
REV19_LIBRARY,2,"CAT 2 - HARD PIPE AND FITTINGS - NOLAND / WINSUPPLY IS THE PIPE VENDOR NOW, NOT FERGUSON",2 INCH - BLACK AND GALVANIZED - NOLAND,2XCL BLK STL NIPL IMP,2 IN x CLOSE BLACK STEEL NIPPLE,4.1669,ok,estimate,Noland,-,,0,N,5.26529484,OCR off a scanned Noland invoice - VERIFY
REV19_LIBRARY,2,"CAT 2 - HARD PIPE AND FITTINGS - NOLAND / WINSUPPLY IS THE PIPE VENDOR NOW, NOT FERGUSON",2 INCH - BLACK AND GALVANIZED - NOLAND,2 BLK 150 MI SQR HEAD PLUG C,2 BLK 150 MI SQR HEAD PLUG CN,3.1454,ok,receipt,Noland,,,0,N,3.97452744,RECEIPT Noland 396156 8/18/26
REV19_LIBRARY,2,"CAT 2 - HARD PIPE AND FITTINGS - NOLAND / WINSUPPLY IS THE PIPE VENDOR NOW, NOT FERGUSON",2 INCH - BLACK AND GALVANIZED - NOLAND,2 GALV 150 MI 45 ELBOW CN,2 GALV 150 MI 45 ELBOW CN,11.4158,ok,estimate,Noland,-,,0,N,14.42500488,OCR off a scanned Noland invoice - VERIFY
REV19_LIBRARY,2,"CAT 2 - HARD PIPE AND FITTINGS - NOLAND / WINSUPPLY IS THE PIPE VENDOR NOW, NOT FERGUSON",2 INCH - BLACK AND GALVANIZED - NOLAND,2 GALV 150 MI 90 ELBOW CN,2 GALV 150 MI 90 ELBOW CN,13.6109,ok,receipt,Noland,,,0,N,17.19873324,RECEIPT Noland 395902 8/11/26
REV19_LIBRARY,2,"CAT 2 - HARD PIPE AND FITTINGS - NOLAND / WINSUPPLY IS THE PIPE VENDOR NOW, NOT FERGUSON",2 INCH - BLACK AND GALVANIZED - NOLAND,2 GALV 150 MI CAP CN,2 GALV 150 MI CAP CN,6.6383,ok,estimate,Noland,-,,0,N,8.38815588,OCR off a scanned Noland invoice - VERIFY
REV19_LIBRARY,2,"CAT 2 - HARD PIPE AND FITTINGS - NOLAND / WINSUPPLY IS THE PIPE VENDOR NOW, NOT FERGUSON",2 INCH - BLACK AND GALVANIZED - NOLAND,2 GALV 150 MI COUPLING CN,2 GALV 150 MI COUPLING CN,9.6702,ok,estimate,Noland,-,,0,N,12.21926472,OCR off a scanned Noland invoice - VERIFY
REV19_LIBRARY,2,"CAT 2 - HARD PIPE AND FITTINGS - NOLAND / WINSUPPLY IS THE PIPE VENDOR NOW, NOT FERGUSON",2 INCH - BLACK AND GALVANIZED - NOLAND,2 GALV 150 MI SQR HEAD PLUG,2 GALV 150 MI SQR HEAD PLUG CN,7.1101,ok,receipt,Noland,,,0,N,8.98432236,RECEIPT Noland 396156 8/18/26
REV19_LIBRARY,2,"CAT 2 - HARD PIPE AND FITTINGS - NOLAND / WINSUPPLY IS THE PIPE VENDOR NOW, NOT FERGUSON",2 INCH - BLACK AND GALVANIZED - NOLAND,2 GALV 150 MI TEE CN,2 GALV 150 MI TEE CN,17.4973,ok,estimate,Noland,-,,0,N,22.10958828,OCR off a scanned Noland invoice - VERIFY
REV19_LIBRARY,2,"CAT 2 - HARD PIPE AND FITTINGS - NOLAND / WINSUPPLY IS THE PIPE VENDOR NOW, NOT FERGUSON",2 INCH - BLACK AND GALVANIZED - NOLAND,2 GALV 150 MI UNION CN,2 GALV 150 MI UNION CN,27.2411,ok,receipt,Noland,,,0,N,34.42185396,RECEIPT Noland 395902 8/5/26
REV19_LIBRARY,2,"CAT 2 - HARD PIPE AND FITTINGS - NOLAND / WINSUPPLY IS THE PIPE VENDOR NOW, NOT FERGUSON",2 INCH - BLACK AND GALVANIZED - NOLAND,2X1-1/2 BLK 150 MI HEX BUSH,2X1-1/2 BLK 150 MI HEX BUSH CN,4.0416,ok,receipt,Noland,,,0,N,5.10696576,RECEIPT Noland 395678 7/21/26
REV19_LIBRARY,2,"CAT 2 - HARD PIPE AND FITTINGS - NOLAND / WINSUPPLY IS THE PIPE VENDOR NOW, NOT FERGUSON",2 INCH - BLACK AND GALVANIZED - NOLAND,2X10 GALV STL NIPL IMP,2X10 GALV STL NIPL IMP,13.54,ok,receipt,Noland,,,0,N,17.109144,RECEIPT Noland 395283 6/26/26
REV19_LIBRARY,2,"CAT 2 - HARD PIPE AND FITTINGS - NOLAND / WINSUPPLY IS THE PIPE VENDOR NOW, NOT FERGUSON",2 INCH - BLACK AND GALVANIZED - NOLAND,2X11 GALV STL NIPL IMP,2X11 GALV STL NIPL IMP,13.58,ok,estimate,Noland,-,,0,N,17.159688,OCR off a scanned Noland invoice - VERIFY
REV19_LIBRARY,2,"CAT 2 - HARD PIPE AND FITTINGS - NOLAND / WINSUPPLY IS THE PIPE VENDOR NOW, NOT FERGUSON",2 INCH - BLACK AND GALVANIZED - NOLAND,2X12 GALV STL NIPL IMP,2X12 GALV STL NIPL IMP,18.85,ok,receipt,Noland,,,0,N,23.81886,RECEIPT Noland 395283 6/26/26
REV19_LIBRARY,2,"CAT 2 - HARD PIPE AND FITTINGS - NOLAND / WINSUPPLY IS THE PIPE VENDOR NOW, NOT FERGUSON",2 INCH - BLACK AND GALVANIZED - NOLAND,2X2-1/2 GALV STL NIPL IMP,2X2-1/2 GALV STL NIPL IMP,6.1029,ok,estimate,Noland,-,,0,N,7.71162444,OCR off a scanned Noland invoice - VERIFY
REV19_LIBRARY,2,"CAT 2 - HARD PIPE AND FITTINGS - NOLAND / WINSUPPLY IS THE PIPE VENDOR NOW, NOT FERGUSON",2 INCH - BLACK AND GALVANIZED - NOLAND,2X3 GALV STL NIPL IMP,2X3 GALV STL NIPL IMP,6.1036,ok,receipt,Noland,,,0,N,7.71250896,RECEIPT Noland 395902 8/11/26
REV19_LIBRARY,2,"CAT 2 - HARD PIPE AND FITTINGS - NOLAND / WINSUPPLY IS THE PIPE VENDOR NOW, NOT FERGUSON",2 INCH - BLACK AND GALVANIZED - NOLAND,2X4-1/2 BLK STL NIPL IMP,2X4-1/2 BLK STL NIPL IMP,8.2643,ok,receipt,Noland,,,0,N,10.44276948,RECEIPT Noland 395035 6/16/26
REV19_LIBRARY,2,"CAT 2 - HARD PIPE AND FITTINGS - NOLAND / WINSUPPLY IS THE PIPE VENDOR NOW, NOT FERGUSON",2 INCH - BLACK AND GALVANIZED - NOLAND,2X4-1/2 GALV STL NIPL IMP,2X4-1/2 GALV STL NIPL IMP,6.81,ok,receipt,Noland,,,0,N,8.605116,RECEIPT Noland 396156 8/18/26
REV19_LIBRARY,2,"CAT 2 - HARD PIPE AND FITTINGS - NOLAND / WINSUPPLY IS THE PIPE VENDOR NOW, NOT FERGUSON",2 INCH - BLACK AND GALVANIZED - NOLAND,2X5 BLK STL NIPL IMP,2X5 BLK STL NIPL IMP,9.99,ok,receipt,Noland,,,0,N,12.623364,RECEIPT Noland 395072 6/17/26
REV19_LIBRARY,2,"CAT 2 - HARD PIPE AND FITTINGS - NOLAND / WINSUPPLY IS THE PIPE VENDOR NOW, NOT FERGUSON",2 INCH - BLACK AND GALVANIZED - NOLAND,2X5-1/2 BLK STL NIPL IMP,2X5-1/2 BLK STL NIPL IMP,6.56,ok,estimate,Noland,-,,0,N,8.289216,OCR off a scanned Noland invoice - VERIFY
REV19_LIBRARY,2,"CAT 2 - HARD PIPE AND FITTINGS - NOLAND / WINSUPPLY IS THE PIPE VENDOR NOW, NOT FERGUSON",2 INCH - BLACK AND GALVANIZED - NOLAND,2X5-1/2 GALV STL NIPL IMP,2X5-1/2 GALV STL NIPL IMP,7.92,ok,receipt,Noland,,,0,N,10.007712,RECEIPT Noland 396156 8/18/26
REV19_LIBRARY,2,"CAT 2 - HARD PIPE AND FITTINGS - NOLAND / WINSUPPLY IS THE PIPE VENDOR NOW, NOT FERGUSON",2 INCH - BLACK AND GALVANIZED - NOLAND,2X6 BLK STL NIPL IMP,2X6 BLK STL NIPL IMP,7.3302,ok,receipt,Noland,,,0,N,9.26244072,RECEIPT Noland 395035 6/16/26
REV19_LIBRARY,2,"CAT 2 - HARD PIPE AND FITTINGS - NOLAND / WINSUPPLY IS THE PIPE VENDOR NOW, NOT FERGUSON",2 INCH - BLACK AND GALVANIZED - NOLAND,2X7 BLK STL NIPL IMP,2X7 BLK STL NIPL IMP,11.8881,ok,receipt,Noland,,,0,N,15.02180316,RECEIPT Noland 395283 6/26/26
REV19_LIBRARY,2,"CAT 2 - HARD PIPE AND FITTINGS - NOLAND / WINSUPPLY IS THE PIPE VENDOR NOW, NOT FERGUSON",2 INCH - BLACK AND GALVANIZED - NOLAND,2X7 GALV STL NIPL IMP,2X7 GALV STL NIPL IMP,11.92,ok,receipt,Noland,,,0,N,15.062112,RECEIPT Noland 395902 8/5/26
REV19_LIBRARY,2,"CAT 2 - HARD PIPE AND FITTINGS - NOLAND / WINSUPPLY IS THE PIPE VENDOR NOW, NOT FERGUSON",2 INCH - BLACK AND GALVANIZED - NOLAND,2X8 BLK STL NIPL IMP,2X8 BLK STL NIPL IMP,9.35,ok,estimate,Noland,-,,0,N,11.81466,OCR off a scanned Noland invoice - VERIFY
REV19_LIBRARY,2,"CAT 2 - HARD PIPE AND FITTINGS - NOLAND / WINSUPPLY IS THE PIPE VENDOR NOW, NOT FERGUSON",2 INCH - BLACK AND GALVANIZED - NOLAND,2X8 GALV STL NIPL IMP,2X8 GALV STL NIPL IMP,11.85,ok,estimate,Noland,-,,0,N,14.97366,OCR off a scanned Noland invoice - VERIFY
REV19_LIBRARY,2,"CAT 2 - HARD PIPE AND FITTINGS - NOLAND / WINSUPPLY IS THE PIPE VENDOR NOW, NOT FERGUSON",2 INCH - BLACK AND GALVANIZED - NOLAND,2X9 BLK STL NIPL IMP,2X9 BLK STL NIPL IMP,12.17,ok,estimate,Noland,-,,0,N,15.378012,OCR off a scanned Noland invoice - VERIFY
REV19_LIBRARY,2,"CAT 2 - HARD PIPE AND FITTINGS - NOLAND / WINSUPPLY IS THE PIPE VENDOR NOW, NOT FERGUSON",2 INCH - BLACK AND GALVANIZED - NOLAND,2X9 GALV STL NIPL IMP,2X9 GALV STL NIPL IMP,20,ok,receipt,Noland,,,0,N,25.272,RECEIPT Noland 396156 8/18/26
REV19_LIBRARY,2,"CAT 2 - HARD PIPE AND FITTINGS - NOLAND / WINSUPPLY IS THE PIPE VENDOR NOW, NOT FERGUSON",2 INCH - BLACK AND GALVANIZED - NOLAND,2XCL GALV STL NIPL IMP,2XCL GALV STL NIPL IMP,6.9842,ok,receipt,Noland,,,0,N,8.82523512,RECEIPT Noland 395283 6/26/26
REV19_LIBRARY,2,"CAT 2 - HARD PIPE AND FITTINGS - NOLAND / WINSUPPLY IS THE PIPE VENDOR NOW, NOT FERGUSON",4 INCH - BLACK AND GALVANIZED - NOLAND,4 BLK 150 MI 90 ELBOW TH,4 BLK 150 MI 90 ELBOW TH,52.71,ok,receipt,Noland,,,0,N,66.604356,RECEIPT Noland 395283 6/26/26
REV19_LIBRARY,2,"CAT 2 - HARD PIPE AND FITTINGS - NOLAND / WINSUPPLY IS THE PIPE VENDOR NOW, NOT FERGUSON",4 INCH - BLACK AND GALVANIZED - NOLAND,4 BLK 150 MI CAP CN,4 BLK 150 MI CAP CN,21.91,ok,receipt,Noland,,,0,N,27.685476,RECEIPT Noland 395283 6/26/26
REV19_LIBRARY,2,"CAT 2 - HARD PIPE AND FITTINGS - NOLAND / WINSUPPLY IS THE PIPE VENDOR NOW, NOT FERGUSON",4 INCH - BLACK AND GALVANIZED - NOLAND,4 BLK 150 MI SQR HEAD PLUG C,4 BLK 150 MI SQR HEAD PLUG CN,32.6722,ok,receipt,Noland,,,0,N,41.28459192,RECEIPT Noland 396156 8/18/26
REV19_LIBRARY,2,"CAT 2 - HARD PIPE AND FITTINGS - NOLAND / WINSUPPLY IS THE PIPE VENDOR NOW, NOT FERGUSON",4 INCH - BLACK AND GALVANIZED - NOLAND,4 BLK MI CPLG,4 BLK MI CPLG,58.49,ok,receipt,Noland,,,0,N,73.907964,RECEIPT Noland 395283 7/8/26
REV19_LIBRARY,2,"CAT 2 - HARD PIPE AND FITTINGS - NOLAND / WINSUPPLY IS THE PIPE VENDOR NOW, NOT FERGUSON",4 INCH - BLACK AND GALVANIZED - NOLAND,4X12 BLK STL NIPL IMP,4X12 BLK STL NIPL IMP,46.0641,ok,receipt,Noland,,,0,N,58.20659676,RECEIPT Noland 395902 8/11/26
REV19_LIBRARY,2,"CAT 2 - HARD PIPE AND FITTINGS - NOLAND / WINSUPPLY IS THE PIPE VENDOR NOW, NOT FERGUSON",4 INCH - BLACK AND GALVANIZED - NOLAND,4X18 BLK STL NIPL IMP,4X18 BLK STL NIPL IMP,72.431,ok,receipt,Noland,,,0,N,91.5238116,RECEIPT Noland 395902 8/5/26
REV19_LIBRARY,2,"CAT 2 - HARD PIPE AND FITTINGS - NOLAND / WINSUPPLY IS THE PIPE VENDOR NOW, NOT FERGUSON",4 INCH - BLACK AND GALVANIZED - NOLAND,4X3 BLK 150 MI COUPLING TH,4X3 BLK 150 MI COUPLING TH,90,ok,receipt,Noland,,,0,N,113.724,RECEIPT Noland 395283 6/26/26
REV19_LIBRARY,2,"CAT 2 - HARD PIPE AND FITTINGS - NOLAND / WINSUPPLY IS THE PIPE VENDOR NOW, NOT FERGUSON",4 INCH - BLACK AND GALVANIZED - NOLAND,4X3 BLK 150 MI HEX BUSHING T,4X3 BLK 150 MI HEX BUSHING TH,31.585,ok,receipt,Noland,,,0,N,39.910806,RECEIPT Noland 395072 6/17/26
REV19_LIBRARY,2,"CAT 2 - HARD PIPE AND FITTINGS - NOLAND / WINSUPPLY IS THE PIPE VENDOR NOW, NOT FERGUSON",4 INCH - BLACK AND GALVANIZED - NOLAND,4X4 BLK STL NIPL IMP,4X4 BLK STL NIPL IMP,24.4967,ok,receipt,Noland,,,0,N,30.95403012,RECEIPT Noland 395902 8/5/26
REV19_LIBRARY,2,"CAT 2 - HARD PIPE AND FITTINGS - NOLAND / WINSUPPLY IS THE PIPE VENDOR NOW, NOT FERGUSON",4 INCH - BLACK AND GALVANIZED - NOLAND,4X6 BLK STL NIPL IMP,4X6 BLK STL NIPL IMP,29.8816,ok,receipt,Noland,,,0,N,37.75838976,RECEIPT Noland 395902 8/5/26
REV19_LIBRARY,2,"CAT 2 - HARD PIPE AND FITTINGS - NOLAND / WINSUPPLY IS THE PIPE VENDOR NOW, NOT FERGUSON",4 INCH - BLACK AND GALVANIZED - NOLAND,4X8 BLK STL NIPL IMP,4X8 BLK STL NIPL IMP,34.5078,ok,receipt,Noland,,,0,N,43.60405608,RECEIPT Noland 395902 8/11/26
REV19_LIBRARY,2,"CAT 2 - HARD PIPE AND FITTINGS - NOLAND / WINSUPPLY IS THE PIPE VENDOR NOW, NOT FERGUSON",4 INCH - BLACK AND GALVANIZED - NOLAND,4XCL BLK STL NIPL IMP,4XCL BLK STL NIPL IMP,16.9738,ok,receipt,Noland,,,0,N,21.44809368,RECEIPT Noland 395902 8/5/26
REV19_LIBRARY,3,CAT 3 - ICON,SPLIT REPAIR FLANGE FITTING KITS,IRF 10B2.0,"Icon SplitRepair Flange Fitting Kit for 2.0' OD Pipe,",244.5,ok,receipt,ICON,,,0,N,308.9502,RECEIPT ICON 48328 6/6/25
REV19_LIBRARY,3,CAT 3 - ICON,SPLIT REPAIR FLANGE FITTING KITS,IRF 10B2.0NS,Icon NON SPLIT Repair Flange Fitting Kit for 2.0',244.5,ok,receipt,ICON,,,0,N,308.9502,RECEIPT ICON 46886 2/24/25
REV19_LIBRARY,3,CAT 3 - ICON,SPLIT REPAIR FLANGE FITTING KITS,IRF 10B2.0SL,Icon SplitRepair SnapLock Flange Fitting Kit for 2.0”,306.75,ok,receipt,ICON,,,0,N,387.6093,RECEIPT ICON 48028 5/16/25
REV19_LIBRARY,3,CAT 3 - ICON,SPLIT REPAIR FLANGE FITTING KITS,IRF 10B2.0SLOS,Icon SplitRepair SnapLock Flange Fitting Kit for 2.0”,336.75,ok,receipt,ICON,,,0,N,425.5173,RECEIPT ICON 48028 5/16/25
REV19_LIBRARY,3,CAT 3 - ICON,SPLIT REPAIR FLANGE FITTING KITS,IRF 10B2.5,"Icon SplitRepair Flange Fitting Kit for 2.5' OD Pipe,",244.5,ok,receipt,ICON,,,0,N,308.9502,RECEIPT ICON 48328 6/6/25
REV19_LIBRARY,3,CAT 3 - ICON,SPLIT REPAIR FLANGE FITTING KITS,IRF 10B2.5SLOS,Icon SplitRepair SnapLock Flange Fitting Kit for 2.5” 4,336.75,ok,receipt,ICON,,,0,N,425.5173,RECEIPT ICON 49620 9/11/25
REV19_LIBRARY,3,CAT 3 - ICON,SPLIT REPAIR FLANGE FITTING KITS,IRF 10B3.5OPW,"Icon SplitRepair Flange Fitting Kit for 3.5' OD Pipe,",244.5,ok,receipt,ICON,,,0,N,308.9502,RECEIPT ICON 50624 11/24/25
REV19_LIBRARY,3,CAT 3 - ICON,SPLIT REPAIR FLANGE FITTING KITS,IRF 10B4.5,"Icon SplitRepair Flange Fitting Kit for 4.5' OD Pipe, 2",244.5,ok,receipt,ICON,,,0,N,308.9502,RECEIPT ICON 51000 12/30/25
REV19_LIBRARY,3,CAT 3 - ICON,SPLIT REPAIR FLANGE FITTING KITS,IRF 10B4.5US,Icon Encapsulating Flange Fitting for Housing,276,ok,receipt,ICON,,,0,N,348.7536,RECEIPT ICON 48035 5/16/25
REV19_LIBRARY,3,CAT 3 - ICON,SPLIT REPAIR FLANGE FITTING KITS,IRF 4B1.4,Icon SplitRepair Flange Fitting Kit for 1.4' & 1.0',216.75,ok,receipt,ICON,,,0,N,273.8853,RECEIPT ICON 49620 9/11/25
REV19_LIBRARY,3,CAT 3 - ICON,SPLIT REPAIR FLANGE FITTING KITS,IRF 4B1.4OPW,Icon SplitRepair Flange Fitting Kit for 1.4' & 1.0',216.75,ok,receipt,ICON,,,0,N,273.8853,RECEIPT ICON 49620 9/11/25
REV19_LIBRARY,3,CAT 3 - ICON,SPLIT REPAIR FLANGE FITTING KITS,IRF 4B1.4SLS,Icon SplitRepair SnapLock™ Flange Fitting Kit for,273.75,ok,receipt,ICON,,,0,N,345.9105,RECEIPT ICON 53031 6/24/26
REV19_LIBRARY,3,CAT 3 - ICON,SPLIT REPAIR FLANGE FITTING KITS,IRF 5B3.5x(Spec),Icon SplitRepair Flange Fitting Kit for Shallow Pan,269.25,ok,receipt,ICON,,,0,N,340.2243,RECEIPT ICON 52478 5/6/26
REV19_LIBRARY,3,CAT 3 - ICON,SPLIT REPAIR FLANGE FITTING KITS,IRF 5B3.5x2.5,Icon SplitRepair Flange Fitting Kit for Shallow Pan,256.5,ok,receipt,ICON,,,0,N,324.1134,RECEIPT ICON 48319 6/6/25
REV19_LIBRARY,3,CAT 3 - ICON,SPLIT REPAIR FLANGE FITTING KITS,IRF 8B1.4SL,Icon SplitRepair SnapLock Flange Fitting Kit for 1.4”,269.25,ok,receipt,ICON,,,0,N,340.2243,RECEIPT ICON 46824 2/18/25
REV19_LIBRARY,3,CAT 3 - ICON,SPLIT REPAIR FLANGE FITTING KITS,IRF 8B1.4SLOS,Icon SplitRepair SnapLock Flange Fitting Kit for 1.4”,299.25,ok,receipt,ICON,,,0,N,378.1323,RECEIPT ICON 46824 2/18/25
REV19_LIBRARY,3,CAT 3 - ICON,SPLIT REPAIR FLANGE FITTING KITS,IRF 8B2.7,"Icon SplitRepair Flange Fitting Kit for 2.7' OD Pipe,",236.25,ok,receipt,ICON,,,0,N,298.5255,RECEIPT ICON 53031 6/24/26
REV19_LIBRARY,3,CAT 3 - ICON,HOUSING FITTING REPAIR KITS - TCI AND BLUELINE,IRF BL-M2.7OS,"Icon SplitRepair Kit for 'Blueline' Housing Fitting,",207,ok,receipt,ICON,,,0,N,261.5652,RECEIPT ICON 52627 5/19/26
REV19_LIBRARY,3,CAT 3 - ICON,HOUSING FITTING REPAIR KITS - TCI AND BLUELINE,IRF TCI-2.0,"Icon SplitRepair Kit for 'TCI' Housing Fitting, 2.0'",225,ok,receipt,ICON,,,0,N,284.31,RECEIPT ICON 50189 10/22/25
REV19_LIBRARY,3,CAT 3 - ICON,HOUSING FITTING REPAIR KITS - TCI AND BLUELINE,IRF TCI-2.0NS,Icon NON SPLIT Repair Kit for 'TCI' Housing,236.25,ok,receipt,ICON,,,0,N,298.5255,RECEIPT ICON 52628 5/19/26
REV19_LIBRARY,3,CAT 3 - ICON,HOUSING FITTING REPAIR KITS - TCI AND BLUELINE,IRF TCI-2.0OS,"Icon SplitRepair Kit for 'TCI' Housing Fitting, 2.0'",240.75,ok,receipt,ICON,,,0,N,304.2117,RECEIPT ICON 50189 10/22/25
REV19_LIBRARY,3,CAT 3 - ICON,SUMP REPAIR KITS - TCI MOLDED SUMPS,IRF TCI-MMC2.0,"Icon SplitRepair Kit for 'TCI' Sump, Medium",173.25,ok,receipt,ICON,,,0,N,218.9187,RECEIPT ICON 48035 5/16/25
REV19_LIBRARY,3,CAT 3 - ICON,SUMP REPAIR KITS - TCI MOLDED SUMPS,IRF TCI-MMC2.5,"Icon SplitRepair Kit for 'TCI' Sump, Medium",173.25,ok,receipt,ICON,,,0,N,218.9187,RECEIPT ICON 48035 5/16/25
REV19_LIBRARY,3,CAT 3 - ICON,SUMP REPAIR KITS - TCI MOLDED SUMPS,IRF TCI-MMC4.5,"Icon NON SPLIT Repair Kit for 'TCI' Sump,",173.25,ok,receipt,ICON,,,0,N,218.9187,RECEIPT ICON 48035 5/16/25
REV19_LIBRARY,3,CAT 3 - ICON,SUMP REPAIR KITS - TCI MOLDED SUMPS,IRF TCI-SMC1.4,"Icon SplitRepair Kit for 'TCI' Sump, Small Molded",173.25,ok,receipt,ICON,,,0,N,218.9187,RECEIPT ICON 48035 5/16/25
REV19_LIBRARY,3,CAT 3 - ICON,REDUCING INSERTS,IRI 4.5x2.0,Icon SplitRepair Reducing Insert for 4.5'' ID to 2.0'',67.5,ok,receipt,ICON,,,0,N,85.293,RECEIPT ICON 51000 12/30/25
REV19_LIBRARY,3,CAT 3 - ICON,REDUCING INSERTS,IRI 4.5x2.0OS,Icon SplitRepair Reducing Insert for 4.5' ID to 2.0',75,ok,receipt,ICON,,,0,N,94.77,RECEIPT ICON 51000 12/30/25
REV19_LIBRARY,3,CAT 3 - ICON,REDUCING INSERTS,IRI 4.5x2.5,Icon SplitRepair Reducing Insert for 4.5'' ID to 2.5'',67.5,ok,receipt,ICON,,,0,N,85.293,RECEIPT ICON 51000 12/30/25
REV19_LIBRARY,3,CAT 3 - ICON,REDUCING INSERTS,IRI 4.5xPlug,Icon Repair Insert 4.5'' Plug,71.25,ok,receipt,ICON,,,0,N,90.0315,RECEIPT ICON 48035 5/16/25
REV19_LIBRARY,3,CAT 3 - ICON,TEST REDUCER FITTINGS,ISL 2.0x2.0AS,Icon SplitRepair SnapLock Test Reducer Fitting for,201,ok,receipt,ICON,,,0,N,253.9836,RECEIPT ICON 48028 5/16/25
REV19_LIBRARY,3,CAT 3 - ICON,TEST REDUCER FITTINGS,ISR 2.0x2.0A,Icon SplitRepair Test Reducer Fitting for 2.0' x 2.0',138,ok,receipt,ICON,,,0,N,174.3768,RECEIPT ICON 46886 2/24/25
REV19_LIBRARY,3,CAT 3 - ICON,TEST REDUCER FITTINGS,ISR 2.2x2.2A,Custom Split Reducer for 2.2.',138,ok,receipt,ICON,,,0,N,174.3768,RECEIPT ICON 53039 6/25/26
REV19_LIBRARY,3,CAT 3 - ICON,TEST REDUCER FITTINGS,ISR 2.4x2.4A,Icon SplitRepair Test Reducer Fitting for 2.4' x 2.4',144.75,ok,receipt,ICON,,,0,N,182.9061,RECEIPT ICON 52627 5/19/26
REV19_LIBRARY,3,CAT 3 - ICON,TEST REDUCER FITTINGS,ISR 2.61x2.38LC,Icon SplitRepair Test Reducer Fitting for 2.61' x,144.75,ok,receipt,ICON,,,0,N,182.9061,RECEIPT ICON 53031 6/24/26
REV19_LIBRARY,3,CAT 3 - ICON,TEST REDUCER FITTINGS,ISR 3.5x2.4OSA,Icon SplitRepair Test Reducer Fitting for 3.5' x 2.4',176.25,ok,receipt,ICON,,,0,N,222.7095,RECEIPT ICON 50624 11/24/25
REV19_LIBRARY,3,CAT 3 - ICON,TEST REDUCER FITTINGS,ISR 3.72x3.5LCA,Icon SplitRepairTest Reducer Fitting for 3.72' x 3.5',144.75,ok,receipt,ICON,,,0,N,182.9061,RECEIPT ICON 52157 4/14/26
REV19_LIBRARY,3,CAT 3 - ICON,REPLACEMENT COMPRESSION RINGS,IAC 10BOMR,Icon SplitRepair Replacement Galvanized Steel,20.25,ok,receipt,ICON,,,0,N,25.5879,RECEIPT ICON 50624 11/24/25
REV19_LIBRARY,3,CAT 3 - ICON,REPLACEMENT COMPRESSION RINGS,IAC 10BSMR,Icon SplitRepair Replacement Galvanized Steel,21.75,ok,receipt,ICON,,,0,N,27.4833,RECEIPT ICON 51000 12/30/25
REV19_LIBRARY,3,CAT 3 - ICON,REPLACEMENT COMPRESSION RINGS,IAC 4BOMR,Icon SplitRepair Replacement Galvanized Steel,18,ok,receipt,ICON,,,0,N,22.7448,RECEIPT ICON 49620 9/11/25
REV19_LIBRARY,3,CAT 3 - ICON,REPLACEMENT COMPRESSION RINGS,IAC 4BSMR,Icon SplitRepair Replacement Galvanized Steel,18,ok,receipt,ICON,,,0,N,22.7448,RECEIPT ICON 49620 9/11/25
REV19_LIBRARY,3,CAT 3 - ICON,REPLACEMENT COMPRESSION RINGS,IAC 5BSMR,Icon SplitRepair Replacement Galvanized Steel,20.25,ok,receipt,ICON,,,0,N,25.5879,RECEIPT ICON 51191 1/20/26
REV19_LIBRARY,3,CAT 3 - ICON,"ADHESIVES, SEALANTS AND PATCH MATERIALS",IAC FASTFIXL,Icon FastFix Instant Patch Repair for FRP/Poly,120,ok,receipt,ICON,,,0,N,151.632,RECEIPT ICON 45329 10/11/24
REV19_LIBRARY,3,CAT 3 - ICON,"ADHESIVES, SEALANTS AND PATCH MATERIALS",IAC FASTFUSE,"Icon FastFuse SplitRepair Fitting Bonding Solvent,",81.75,ok,receipt,ICON,,,0,N,103.2993,RECEIPT ICON 53039 6/25/26
REV19_LIBRARY,3,CAT 3 - ICON,"ADHESIVES, SEALANTS AND PATCH MATERIALS",IAC FFOAM50,"Icon FastFoam Instant Water Block, 50ml Cartridge",45.75,ok,receipt,ICON,,,0,N,57.8097,RECEIPT ICON 51662 3/5/26
REV19_LIBRARY,3,CAT 3 - ICON,"ADHESIVES, SEALANTS AND PATCH MATERIALS",IAC IBOND50A,Icon iBond Rapid Curing Multipurpose Structural,54,ok,receipt,ICON,,,0,N,68.2344,RECEIPT ICON 52873 6/9/26
REV19_LIBRARY,3,CAT 3 - ICON,"ADHESIVES, SEALANTS AND PATCH MATERIALS",IAC IBOND50FS,Icon iBond Rapid Curing Multipurpose Structural,51.75,ok,receipt,ICON,,,0,N,65.3913,RECEIPT ICON 48028 5/16/25
REV19_LIBRARY,3,CAT 3 - ICON,"ADHESIVES, SEALANTS AND PATCH MATERIALS",IAC IBOND50FS-CASE,Icon iBond Rapid Curing Multipurpose Structural,729,ok,receipt,ICON,,,0,N,921.1644,RECEIPT ICON 50183 10/21/25
REV19_LIBRARY,3,CAT 3 - ICON,"ADHESIVES, SEALANTS AND PATCH MATERIALS",IAC PFUSE200,"PolyFuse Structural Bonder for HDPE Sumps,",360,ok,receipt,ICON,,,0,N,454.896,RECEIPT ICON 46824 2/18/25
REV19_LIBRARY,3,CAT 3 - ICON,"ADHESIVES, SEALANTS AND PATCH MATERIALS",IAC PFUSE50,"Icon PolyFuse Structural Bonder for HDPE Sumps,",97.5,ok,receipt,ICON,,,0,N,123.201,RECEIPT ICON 45329 10/11/24
REV19_LIBRARY,3,CAT 3 - ICON,"ADHESIVES, SEALANTS AND PATCH MATERIALS",IAC SIKA10,"Sikaflex-1a SplitRepair Fitting Gasket Sealant, 10oz",13.5,ok,receipt,ICON,,,0,N,17.0586,RECEIPT ICON 53039 6/25/26
REV19_LIBRARY,3,CAT 3 - ICON,"ADHESIVES, SEALANTS AND PATCH MATERIALS",IAC WetWeld,Icon WetWeld Fast Setting Water Blocking Epoxy,27.75,ok,receipt,ICON,,,0,N,35.0649,RECEIPT ICON 51662 3/5/26
REV19_LIBRARY,3,CAT 3 - ICON,TOOLS,IAC MGUN10,"Manual Dispensing Tool for 10oz Tube Products,",39.75,ok,receipt,ICON,,,0,N,50.2281,RECEIPT ICON 49620 9/11/25
REV19_LIBRARY,3,CAT 3 - ICON,TOOLS,IAC MGUN50,Manual Dispensing Tool for 50ml Cartridge,70.5,ok,receipt,ICON,,,0,N,89.0838,RECEIPT ICON 50183 10/21/25
REV19_LIBRARY,3,CAT 3 - ICON,TOOLS,IAC UVLight,"UV Flashlight for FastFix Patch Curing, Batteries",33.75,ok,receipt,ICON,,,0,N,42.6465,RECEIPT ICON 45329 10/11/24
REV19_LIBRARY,4,CAT 4 - PUMP & TANK MATERIALS,MANHOLES AND SKIRTS,FL100-SK12,"FL100 FRP SKIRT, 12 IN DEEP",320.06,ok,vendor_quote,Source NA,,,0,N,404.427816,QUOTE Source NA 8518251 8/28/26 NET
REV19_LIBRARY,4,CAT 4 - PUMP & TANK MATERIALS,MANHOLES AND SKIRTS,104A-1800WT,"OPW 18 IN CAST IRON MANHOLE, BOLT-DOWN WATERTIGHT",362.56,ok,vendor_quote,Source NA,,,0,N,458.130816,QUOTE Source NA 8518251 8/28/26 NET
REV19_LIBRARY,4,CAT 4 - PUMP & TANK MATERIALS,MANHOLES AND SKIRTS,104A-1200WT,"OPW 12 IN CAST IRON MANHOLE, BOLT-DOWN WATERTIGHT",207.17,ok,vendor_quote,Source NA,,,0,N,261.780012,QUOTE Source NA 8518251 8/28/26 NET
REV19_LIBRARY,4,CAT 4 - PUMP & TANK MATERIALS,MANHOLES AND SKIRTS,FL100BLACK-SK12,"FIBRELITE FL100 40 IN COVER, FRAME + 12 IN SKIRT",2407.99,ok,vendor_quote,Spatco,,,0,N,3042.736164,QUOTE Spatco 20114867 8/28/26
REV19_LIBRARY,4,CAT 4 - PUMP & TANK MATERIALS,MANHOLES AND SKIRTS,FL100BLACK-FC-KIT,FIBRELITE FL100 40 IN COVER AND FRAME KIT,2657.28,ok,receipt,Source NA,,,0,N,3357.739008,RECEIPT Source NA 2595926 3/27/26
REV19_LIBRARY,4,CAT 4 - PUMP & TANK MATERIALS,MANHOLES AND SKIRTS,FL100-SK18,"FL100 FRP SKIRT, 18 IN DEEP",367.17,ok,receipt,Source NA,,,0,N,463.956012,RECEIPT Source NA 2595926 3/27/26. not used on Jefferson County
REV19_LIBRARY,4,CAT 4 - PUMP & TANK MATERIALS,MANHOLES AND SKIRTS,104A-1800 SPATCO,"OPW 18 IN CAST IRON MANHOLE, 10 IN SKIRT",221.94,ok,vendor_quote,Spatco,,,0,N,280.443384,QUOTE Spatco 20114867 8/28/26
REV19_LIBRARY,4,CAT 4 - PUMP & TANK MATERIALS,MANHOLES AND SKIRTS,104A-1800,"OPW 18 IN CAST IRON MANHOLE, LAY-IN",265.6,ok,vendor_quote,Source NA,,,0,N,335.61216,QUOTE Source NA 8517929 8/27/26 NET
REV19_LIBRARY,4,CAT 4 - PUMP & TANK MATERIALS,MANHOLES AND SKIRTS,104A-1200,OPW 12 IN CAST IRON MANHOLE,111,ok,vendor_quote,Spatco,,,0,N,140.2596,QUOTE Spatco 20114867 8/28/26
REV19_LIBRARY,4,CAT 4 - PUMP & TANK MATERIALS,SPILL CONTAINMENT AND FILL,1C-3101P,OPW 5 GAL SINGLE WALL SPILL CONTAINER,740.79,ok,vendor_quote,Spatco,,,0,N,936.062244,QUOTE Spatco 20114867 8/28/26. SINGLE WALL - scope wanted double
REV19_LIBRARY,4,CAT 4 - PUMP & TANK MATERIALS,SPILL CONTAINMENT AND FILL,71SO-4SC,"OPW SEGMENTED OVERFILL VALVE, 4 x 5 FT",857.74,ok,vendor_quote,Spatco,,,0,N,1083.840264,QUOTE Spatco 20114867 8/28/26
REV19_LIBRARY,4,CAT 4 - PUMP & TANK MATERIALS,SPILL CONTAINMENT AND FILL,A1005-518R,"OPW 5 GAL DOUBLEWALL SPILL CONTAINER, NO DRAIN",1707.99,ok,receipt,Source NA,,,0,N,2158.216164,RECEIPT Source NA 2577227 2/5/26
REV19_LIBRARY,4,CAT 4 - PUMP & TANK MATERIALS,SPILL CONTAINMENT AND FILL,570012,"LID SEAL, A1004-316 SERIES SPILL CONTAINER",27.08,ok,receipt,Source NA,,,0,N,34.218288,RECEIPT Source NA 2577227 2/5/26
REV19_LIBRARY,4,CAT 4 - PUMP & TANK MATERIALS,SPILL CONTAINMENT AND FILL,202831-50-KIT,OPW SECONDARY BUCKET WITH 50 FT KIT,791.7,ok,receipt,Source NA,,,0,N,1000.39212,RECEIPT Source NA 2631379 7/7/26
REV19_LIBRARY,4,CAT 4 - PUMP & TANK MATERIALS,SPILL CONTAINMENT AND FILL,71SO-410C,OPW 4 IN OVERFILL VALVE AND DROP TUBE,498.62,ok,receipt,Source NA,,,0,N,630.056232,RECEIPT Source NA 2628199 6/26/26. the only drop tube RPS carries
REV19_LIBRARY,4,CAT 4 - PUMP & TANK MATERIALS,SPILL CONTAINMENT AND FILL,1C-3112D,"OPW 5 GAL DOUBLEWALL SPILL CONTAINER, 4 IN THREAD-ON",1193.86,ok,vendor_quote,Source NA,,,0,N,1508.561496,QUOTE Source NA 8518251 8/28/26 NET. SINGLE WALL - scope wanted double
REV19_LIBRARY,4,CAT 4 - PUMP & TANK MATERIALS,SPILL CONTAINMENT AND FILL,61SALP-1020-EVR,"OPW 4 IN SWIVEL FILL ADAPTER, EVR",244.1,ok,vendor_quote,Spatco,,,0,N,308.44476,QUOTE Spatco 20114867 8/28/26
REV19_LIBRARY,4,CAT 4 - PUMP & TANK MATERIALS,SPILL CONTAINMENT AND FILL,634TT-7085-EVR,"OPW 4 IN FILL CAP, EVR",40.74,ok,vendor_quote,Spatco,,,0,N,51.479064,QUOTE Spatco 20114867 8/28/26
REV19_LIBRARY,4,CAT 4 - PUMP & TANK MATERIALS,SPILL CONTAINMENT AND FILL,T2-TANK-TOP-FITTINGS,TANK TOP FITTINGS - RISER AND DRY BREAK,,PRICE NEEDED,estimate,,,,0,N,,PRICE NEEDED. Failure is somewhere in the tank top - nothing opened up yet
REV19_LIBRARY,4,CAT 4 - PUMP & TANK MATERIALS,"FLEXWORKS PIPE, COUPLINGS AND ENTRY FITTINGS",C15A,OPW FLEXWORKS 1-1/2 IN DW PIPE - PER FOOT,35.07,ok,vendor_quote,Source NA,,,0,N,44.314452,QUOTE Source NA 8517929 8/27/26 NET
REV19_LIBRARY,4,CAT 4 - PUMP & TANK MATERIALS,"FLEXWORKS PIPE, COUPLINGS AND ENTRY FITTINGS",DPC-2150A,OPW 1-1/2 IN DOUBLEWALL SWAGE COUPLING,178.5,ok,receipt,Source NA,,,0,N,225.5526,RECEIPT Source NA 2617076 5/27/26
REV19_LIBRARY,4,CAT 4 - PUMP & TANK MATERIALS,"FLEXWORKS PIPE, COUPLINGS AND ENTRY FITTINGS",DPC-2200A,OPW 2 IN DOUBLEWALL PIPE COUPLING,228.27,ok,receipt,Source NA,,,0,N,288.441972,RECEIPT Source NA 2634423 7/15/26
REV19_LIBRARY,4,CAT 4 - PUMP & TANK MATERIALS,"FLEXWORKS PIPE, COUPLINGS AND ENTRY FITTINGS",SBC-2150,OPW 1-1/2 IN FLEXWORKS BOLT-ON COUPLING,282.87,ok,receipt,Source NA,,,0,N,357.434532,RECEIPT Source NA 2617076 5/27/26
REV19_LIBRARY,4,CAT 4 - PUMP & TANK MATERIALS,"FLEXWORKS PIPE, COUPLINGS AND ENTRY FITTINGS",SBC-2200,OPW 2 IN FLEXWORKS BOLT-ON COUPLING,376.53,ok,receipt,Source NA,,,0,N,475.783308,RECEIPT Source NA 2617076 5/27/26
REV19_LIBRARY,4,CAT 4 - PUMP & TANK MATERIALS,"FLEXWORKS PIPE, COUPLINGS AND ENTRY FITTINGS",SMA-2020,OPW 2 IN ADAPTER - 2 IN NPSH TO 2 IN MALE,133.77,ok,receipt,Source NA,,,0,N,169.031772,RECEIPT Source NA 2634423 7/15/26
REV19_LIBRARY,4,CAT 4 - PUMP & TANK MATERIALS,"FLEXWORKS PIPE, COUPLINGS AND ENTRY FITTINGS",REF-4015,"OPW FLEXWORKS RIGID ENTRY FITTING, 4 IN x 1-1/2 IN",139.44,ok,vendor_quote,Source NA,,,0,N,176.196384,QUOTE Source NA 8517929 8/27/26 NET
REV19_LIBRARY,4,CAT 4 - PUMP & TANK MATERIALS,"FLEXWORKS PIPE, COUPLINGS AND ENTRY FITTINGS",REF-0075C,"OPW RIGID ENTRY FITTING, 3/4 IN RIGID CONDUIT, NYLON",94.36,ok,vendor_quote,Source NA,,,0,N,119.233296,QUOTE Source NA 8517929 8/27/26 NET
REV19_LIBRARY,4,CAT 4 - PUMP & TANK MATERIALS,"FLEXWORKS PIPE, COUPLINGS AND ENTRY FITTINGS",635-0300MAE,MORRISON 1-1/2 IN FEMALE NPT x 3 IN OFFSET ADAPTER,64.21,ok,receipt,Source NA,,,0,N,81.135756,RECEIPT Source NA 2609985 5/6/26
REV19_LIBRARY,4,CAT 4 - PUMP & TANK MATERIALS,"FLEXWORKS PIPE, COUPLINGS AND ENTRY FITTINGS",635-0150MAE,MORRISON 1-1/2 IN FEMALE NPT x 1-1/2 IN OFFSET ADAPTER,54.64,ok,receipt,Source NA,,,0,N,69.043104,RECEIPT Source NA 2609985 5/6/26
REV19_LIBRARY,4,CAT 4 - PUMP & TANK MATERIALS,"FLEXWORKS PIPE, COUPLINGS AND ENTRY FITTINGS",FIT-3530,3 IN x 30 IN FLEXIBLE ISOLATION TUBE,155.75,ok,receipt,Source NA,,,0,N,196.8057,RECEIPT Source NA 2588417 3/9/26
REV19_LIBRARY,4,CAT 4 - PUMP & TANK MATERIALS,"FLEXWORKS PIPE, COUPLINGS AND ENTRY FITTINGS",ITR-3020,ISOLATION TUBE REDUCER - 3 IN x 2 IN,26.32,ok,receipt,Source NA,,,0,N,33.257952,RECEIPT Source NA 2588417 3/9/26
REV19_LIBRARY,4,CAT 4 - PUMP & TANK MATERIALS,"FIBERGLASS PIPE, REDUCERS AND TERMINATIONS",44469205,AMERON 4 IN LCX TERMINATION,242.55,ok,receipt,Spatco,,,0,N,306.48618,RECEIPT Spatco 95053266 4/7/26
REV19_LIBRARY,4,CAT 4 - PUMP & TANK MATERIALS,"FIBERGLASS PIPE, REDUCERS AND TERMINATIONS",44469206,AMERON 4 IN LCX TERMINATION WITH TEST PORT,273.15,ok,receipt,Spatco,,,0,N,345.15234,RECEIPT Spatco 95053266 4/7/26
REV19_LIBRARY,4,CAT 4 - PUMP & TANK MATERIALS,"FIBERGLASS PIPE, REDUCERS AND TERMINATIONS",012040-238-3,4 IN x 3 IN CONCENTRIC REDUCER,127.5,ok,receipt,Source NA,,,0,N,161.109,RECEIPT Source NA 2620632 6/5/26
REV19_LIBRARY,4,CAT 4 - PUMP & TANK MATERIALS,"STP SUMPS - LIDS, KNOBS AND NUTS",H13214M,"OPW SUMP LID GASKET, 33 IN",68.25,ok,vendor_quote,Source NA,,,0,N,86.2407,QUOTE Source NA 8517929 8/27/26 NET
REV19_LIBRARY,4,CAT 4 - PUMP & TANK MATERIALS,"STP SUMPS - LIDS, KNOBS AND NUTS",H13257M,OPW SUMP LID THUMB NUT / KNOB,27.93,ok,vendor_quote,Source NA,,,0,N,35.292348,QUOTE Source NA 8517929 8/27/26 NET
REV19_LIBRARY,4,CAT 4 - PUMP & TANK MATERIALS,"STP SUMPS - LIDS, KNOBS AND NUTS",H13268M,OPW FLEXWORKS TANK SUMP NUT,6.79,ok,vendor_quote,Source NA,,,0,N,8.579844,QUOTE Source NA 8517929 8/27/26 NET
REV19_LIBRARY,4,CAT 4 - PUMP & TANK MATERIALS,"VEEDER-ROOT ATG - CONSOLES, MODULES, SOFTWARE, PROBE CAPS, SPLICE KITS AND CORD GRIPS",860091-302,"VR TLS-450PLUS CONSOLE, 8 IN TOUCH SCREEN",3697.68,ok,vendor_quote,,,,0,N,4672.388448,QUOTE Bolger Bros 0031579 8/25/26 NET
REV19_LIBRARY,4,CAT 4 - PUMP & TANK MATERIALS,"VEEDER-ROOT ATG - CONSOLES, MODULES, SOFTWARE, PROBE CAPS, SPLICE KITS AND CORD GRIPS",333545-001,VR TLS-450PLUS APPLICATION SOFTWARE,3884.16,ok,vendor_quote,,,,0,N,4908.024576,QUOTE Bolger Bros 0031579 8/25/26. no freight quoted - confirm
REV19_LIBRARY,4,CAT 4 - PUMP & TANK MATERIALS,"VEEDER-ROOT ATG - CONSOLES, MODULES, SOFTWARE, PROBE CAPS, SPLICE KITS AND CORD GRIPS",332812-001,VR USM SENSOR MODULE - TLS-450PLUS,2063.88,ok,vendor_quote,,,,0,N,2607.918768,QUOTE Bolger Bros 0031579 8/25/26
REV19_LIBRARY,4,CAT 4 - PUMP & TANK MATERIALS,"VEEDER-ROOT ATG - CONSOLES, MODULES, SOFTWARE, PROBE CAPS, SPLICE KITS AND CORD GRIPS",332813-001,VR UIOM RELAY MODULE - TLS-450PLUS,1488.48,ok,vendor_quote,,,,0,N,1880.843328,QUOTE Bolger Bros 0031579 8/25/26
REV19_LIBRARY,4,CAT 4 - PUMP & TANK MATERIALS,"VEEDER-ROOT ATG - CONSOLES, MODULES, SOFTWARE, PROBE CAPS, SPLICE KITS AND CORD GRIPS",332972-006,VR CSLD LEAK DETECTION - TLS-450PLUS,2334.36,ok,vendor_quote,,,,0,N,2949.697296,QUOTE Bolger Bros 0031579 8/25/26
REV19_LIBRARY,4,CAT 4 - PUMP & TANK MATERIALS,"VEEDER-ROOT ATG - CONSOLES, MODULES, SOFTWARE, PROBE CAPS, SPLICE KITS AND CORD GRIPS",116-7085,"OPW 4 IN PIPE CAP, DURATUFF - PROBE CAP",49.79,ok,vendor_quote,Source NA,,,0,N,62.914644,QUOTE Source NA 8517929 8/27/26 NET
REV19_LIBRARY,4,CAT 4 - PUMP & TANK MATERIALS,"VEEDER-ROOT ATG - CONSOLES, MODULES, SOFTWARE, PROBE CAPS, SPLICE KITS AND CORD GRIPS",330020-282,4 IN PROBE RISER CAP,42.06,ok,receipt,Source NA,,,0,N,53.147016,RECEIPT Source NA 2624981 6/17/26
REV19_LIBRARY,4,CAT 4 - PUMP & TANK MATERIALS,"VEEDER-ROOT ATG - CONSOLES, MODULES, SOFTWARE, PROBE CAPS, SPLICE KITS AND CORD GRIPS",7000133446,3M SCOTCHCAST SEALING PACK,8.16,ok,vendor_quote,Source NA,,,0,N,10.310976,QUOTE Source NA 8517929 8/27/26 NET
REV19_LIBRARY,4,CAT 4 - PUMP & TANK MATERIALS,"VEEDER-ROOT ATG - CONSOLES, MODULES, SOFTWARE, PROBE CAPS, SPLICE KITS AND CORD GRIPS",331028-001,1/2 IN NPT CORD GRIP - SENSOR,24,ok,vendor_quote,Source NA,,,0,N,30.3264,QUOTE Source NA 8517929 8/27/26 NET
REV19_LIBRARY,4,CAT 4 - PUMP & TANK MATERIALS,"SHEAR VALVES, LEAK DETECTION AND SUBMERSIBLE",10P-0152,OPW 1-1/2 IN 10 PLUS SHEAR VALVE,200.91,ok,estimate,Source NA,Template,,0,N,253.869876,RPS Invoice Template 7/29/20. HELD HIGH vs Source NA inv 2628199 6/26/26 $161.00 - count stock
REV19_LIBRARY,4,CAT 4 - PUMP & TANK MATERIALS,"SHEAR VALVES, LEAK DETECTION AND SUBMERSIBLE",99LD-2000-S,2 IN MECHANICAL LINE LEAK DETECTOR,365.39,ok,receipt,Source NA,,,0,N,461.706804,RECEIPT Source NA inv 2628199 6/26/26. SUBSTITUTE - site runs a Red Jacket FX1DV. VERIFY
REV19_LIBRARY,4,CAT 4 - PUMP & TANK MATERIALS,"SHEAR VALVES, LEAK DETECTION AND SUBMERSIBLE",400562901,SYPHON JET ASSEMBLY,18.9,ok,receipt,Source NA,,,0,N,23.88204,RECEIPT Source NA 2628199 6/26/26
REV19_LIBRARY,4,CAT 4 - PUMP & TANK MATERIALS,"SHEAR VALVES, LEAK DETECTION AND SUBMERSIBLE",RJ-PUMP-HEAD,RED JACKET SUBMERSIBLE PUMP HEAD,,PRICE NEEDED,estimate,Source NA,,,0,N,,"PRICE NEEDED - get the model off the pump, call Source NA or Bolger Bros"
REV19_LIBRARY,4,CAT 4 - PUMP & TANK MATERIALS,"SHEAR VALVES, LEAK DETECTION AND SUBMERSIBLE",RJ-CHECK-VALVE,RED JACKET STP CHECK VALVE,,PRICE NEEDED,estimate,Source NA,,,0,N,,PRICE NEEDED - call Source NA or Bolger Bros. May be part of the functional element
REV19_LIBRARY,4,CAT 4 - PUMP & TANK MATERIALS,"SHEAR VALVES, LEAK DETECTION AND SUBMERSIBLE",RJ-FUNC-ELEMENT,RED JACKET STP FUNCTIONAL ELEMENT,,PRICE NEEDED,estimate,Source NA,,,0,N,,PRICE NEEDED - call Source NA or Bolger Bros
REV19_LIBRARY,4,CAT 4 - PUMP & TANK MATERIALS,DISPENSER PARTS,CU-380,GILBARCO ENCORE CONVERSION FRAME,765,ok,receipt,Source NA,,,0,N,966.654,RECEIPT Source NA 2630534 7/2/26
REV19_LIBRARY,5,CAT 5 - CONCRETE / REBAR / BACKFILL AND CONCRETE DISPOSAL,READY MIX CONCRETE - ONE ALL-IN RATE PER CUBIC YARD,READY MIX - ALL IN,"READY MIX CONCRETE, DELIVERED ALL IN - PER CY",282.3,ok,estimate,,s,,0,N,282.3,"Avg of 7 RPS concrete invoices, $7,763.23 over 27.50 yd"
REV19_LIBRARY,5,CAT 5 - CONCRETE / REBAR / BACKFILL AND CONCRETE DISPOSAL,"REBAR, CHAIRS AND BACKFILL",100262,"#3 REBAR G60 3/8 IN x 20 FT STICK, EPOXY",5.15,ok,receipt,,,,0,N,5.15,RECEIPT CMG Whitlock 750330 8/10/26
REV19_LIBRARY,5,CAT 5 - CONCRETE / REBAR / BACKFILL AND CONCRETE DISPOSAL,"REBAR, CHAIRS AND BACKFILL",764666540118,3 IN x 6 IN REBAR CHAIR,1.21,ok,receipt,Home Depot,,,0,N,1.21,RECEIPT Home Depot 78172 7/13/26
REV19_LIBRARY,5,CAT 5 - CONCRETE / REBAR / BACKFILL AND CONCRETE DISPOSAL,"REBAR, CHAIRS AND BACKFILL",#57 STONE BACKFILL,#57 STONE BACKFILL - PER CY,,PRICE NEEDED,estimate,,,,0,Y,,PRICE NEEDED - call a local supplier
REV19_LIBRARY,5,CAT 5 - CONCRETE / REBAR / BACKFILL AND CONCRETE DISPOSAL,CONCRETE DISPOSAL - TIPPING AND HAULING FEES ONLY. THE TRUCK ITSELF IS IN CATEGORY 9.,CONCRETE DISPOSAL - TIP FEE,LANDFILL TIPPING FEE - PER LOAD OR TON,,PRICE NEEDED,estimate,,,,0,N,,PRICE NEEDED - call the landfill. Truck is Category 9
REV19_LIBRARY,5,CAT 5 - CONCRETE / REBAR / BACKFILL AND CONCRETE DISPOSAL,CONCRETE DISPOSAL - TIPPING AND HAULING FEES ONLY. THE TRUCK ITSELF IS IN CATEGORY 9.,DISPOSAL SUBCONTRACT,CONCRETE DISPOSAL BY OUTSIDE HAULER - PER LOAD,,PRICE NEEDED,estimate,,,,0,N,,PRICE NEEDED. Leave at zero when RPS hauls its own
REV19_LIBRARY,9,CAT 9 - RPS EQUIPMENT,"ON THIS JOB - SKID STEER, BREAKER AND DUMP BED ONLY",SKID STEER / FORKS,SKID STEER WITH FORKS - PER DAY,550,ok,rate_card,,,,0,N,550,RPS REV19 rate card
REV19_LIBRARY,9,CAT 9 - RPS EQUIPMENT,"ON THIS JOB - SKID STEER, BREAKER AND DUMP BED ONLY",BREAKER ATTACHMENT,HYDRAULIC BREAKER ATTACHMENT - PER DAY,225,ok,rate_card,,,,0,N,225,RPS REV19 rate card
REV19_LIBRARY,9,CAT 9 - RPS EQUIPMENT,"ON THIS JOB - SKID STEER, BREAKER AND DUMP BED ONLY",DUMP TRAILER,RPS DUMP TRAILER - PER DAY,,PRICE NEEDED,rate_card,,,,0,N,,PRICE NEEDED - Starsky sets it
REV19_LIBRARY,9,CAT 9 - RPS EQUIPMENT,"ON THIS JOB - SKID STEER, BREAKER AND DUMP BED ONLY",PONY DUMP,PONY DUMP TRUCK - PER DAY,688.15,ok,rate_card,,,,0,N,688.15,"RPS REV19, scaled off the Camp Springs 3624 F350 study - VERIFY"
REV19_LIBRARY,9,CAT 9 - RPS EQUIPMENT,EVERYTHING ELSE - LEAVE AT ZERO UNLESS THE JOB CALLS FOR IT,MINI EXCAVATOR,MINI EXCAVATOR - PER DAY,850,ok,rate_card,Leave At Zero Unless The Job Calls For It,,,0,N,850,RPS REV19 rate card
REV19_LIBRARY,9,CAT 9 - RPS EQUIPMENT,EVERYTHING ELSE - LEAVE AT ZERO UNLESS THE JOB CALLS FOR IT,SCISSOR / ROUGH TERRAIN LIFT,SCISSOR / ROUGH TERRAIN LIFT - PER DAY,819.52,ok,rate_card,Leave At Zero Unless The Job Calls For It,,,0,N,819.52,RPS REV19 rate card
REV19_LIBRARY,9,CAT 9 - RPS EQUIPMENT,EVERYTHING ELSE - LEAVE AT ZERO UNLESS THE JOB CALLS FOR IT,P185 AIR COMPRESSOR,P185 AIR COMPRESSOR - PER DAY,250,ok,rate_card,Leave At Zero Unless The Job Calls For It,,,0,N,250,RPS REV19 rate card
REV19_LIBRARY,9,CAT 9 - RPS EQUIPMENT,EVERYTHING ELSE - LEAVE AT ZERO UNLESS THE JOB CALLS FOR IT,INTRINSIC SAFE VAC TRAILER,INTRINSIC SAFE VAC TRAILER - PER DAY,225,ok,rate_card,Leave At Zero Unless The Job Calls For It,,,0,N,225,RPS REV19 rate card
REV19_LIBRARY,9,CAT 9 - RPS EQUIPMENT,EVERYTHING ELSE - LEAVE AT ZERO UNLESS THE JOB CALLS FOR IT,CONFINED SPACE BLOWER / HEATER,CONFINED SPACE BLOWER / HEATER - PER DAY,175,ok,rate_card,Leave At Zero Unless The Job Calls For It,,,0,N,175,RPS REV19 rate card
REV19_LIBRARY,9,CAT 9 - RPS EQUIPMENT,EVERYTHING ELSE - LEAVE AT ZERO UNLESS THE JOB CALLS FOR IT,CONCRETE SAW,16 IN CONCRETE SAW WITH BLADE - PER DAY,90,ok,rate_card,Leave At Zero Unless The Job Calls For It,,,0,N,90,RPS REV19 rate card
REV19_LIBRARY,9,CAT 9 - RPS EQUIPMENT,EVERYTHING ELSE - LEAVE AT ZERO UNLESS THE JOB CALLS FOR IT,101129,16 IN VARI-CUT SAW BLADE,170.3,ok,receipt,Leave At Zero Unless The Job Calls For It,,,0,N,170.3,RECEIPT CMG Whitlock 703882 10/31/25
REV19_LIBRARY,9,CAT 9 - RPS EQUIPMENT,EVERYTHING ELSE - LEAVE AT ZERO UNLESS THE JOB CALLS FOR IT,DROP TUBE EXTRACTOR,DROP TUBE EXTRACTOR TOOL - PER DAY,75,ok,rate_card,Leave At Zero Unless The Job Calls For It,,,0,N,75,RPS REV19 rate card
REV19_LIBRARY,9,CAT 9 - RPS EQUIPMENT,EVERYTHING ELSE - LEAVE AT ZERO UNLESS THE JOB CALLS FOR IT,SITE FENCING / BARRICADES,"TEMPORARY FENCE, BARRICADES AND CONES",275,ok,rate_card,Leave At Zero Unless The Job Calls For It,,,0,N,275,RPS REV19 rate card
REV19_LIBRARY,9,CAT 9 - RPS EQUIPMENT,EVERYTHING ELSE - LEAVE AT ZERO UNLESS THE JOB CALLS FOR IT,RENTAL FEE - RECEIPTS,RENTED EQUIPMENT AT RECEIPT COST,0,ok,rate_card,Leave At Zero Unless The Job Calls For It,,,0,N,0,Actual rental receipt - never an RPS day rate
REV19_LIBRARY,10,CAT 10 - MISC / DISPOSABLES / DOT BARRELS,CONSUMABLES - OFF ACTUAL HOME DEPOT AND LOWE'S RECEIPTS,SR51GLSBLACK,RUST-OLEUM GLOSS BLACK SPRAY,7.48,ok,receipt,Home Depot,,,0,N,7.48,RECEIPT Home Depot 88982 6/16/26
REV19_LIBRARY,10,CAT 10 - MISC / DISPOSABLES / DOT BARRELS,CONSUMABLES - OFF ACTUAL HOME DEPOT AND LOWE'S RECEIPTS,020066387686,RUST-OLEUM WHITE PRIMER SPRAY,6.98,ok,receipt,Home Depot,,,0,N,6.98,RECEIPT Home Depot 88982 6/16/26
REV19_LIBRARY,10,CAT 10 - MISC / DISPOSABLES / DOT BARRELS,CONSUMABLES - OFF ACTUAL HOME DEPOT AND LOWE'S RECEIPTS,046609392030,EMPIRE 250 FT TWISTED LINE REEL,6.97,ok,receipt,Home Depot,,,0,N,6.97,RECEIPT Home Depot 88982 6/16/26
REV19_LIBRARY,10,CAT 10 - MISC / DISPOSABLES / DOT BARRELS,CONSUMABLES - OFF ACTUAL HOME DEPOT AND LOWE'S RECEIPTS,860007307812,LARGE PLASTIC TUB,16.97,ok,receipt,Home Depot,,,0,N,16.97,RECEIPT Home Depot 78172 7/13/26
REV19_LIBRARY,10,CAT 10 - MISC / DISPOSABLES / DOT BARRELS,CONSUMABLES - OFF ACTUAL HOME DEPOT AND LOWE'S RECEIPTS,169489,42 GAL CONTRACTOR BAGS - 50 CT BOX,29.98,ok,receipt,,,,0,N,29.98,RECEIPT Lowe's 91842 6/5/26
REV19_LIBRARY,10,CAT 10 - MISC / DISPOSABLES / DOT BARRELS,CONSUMABLES - OFF ACTUAL HOME DEPOT AND LOWE'S RECEIPTS,6798388,KNUCKLE PROTECT GLOVES - PAIR,16.98,ok,receipt,,,,0,N,16.98,RECEIPT Lowe's 91842 6/5/26
REV19_LIBRARY,10,CAT 10 - MISC / DISPOSABLES / DOT BARRELS,CONSUMABLES - OFF ACTUAL HOME DEPOT AND LOWE'S RECEIPTS,49907,TRUFUEL 32 OZ 50:1 PRE-MIX,6.98,ok,receipt,,,,0,N,6.98,RECEIPT Lowe's 91842 6/5/26
REV19_LIBRARY,10,CAT 10 - MISC / DISPOSABLES / DOT BARRELS,CONSUMABLES - OFF ACTUAL HOME DEPOT AND LOWE'S RECEIPTS,DISPOSABLES PER TECH/DAY,PPE AND DAILY DISPOSABLES - PER TECH PER DAY,13.2,ok,estimate,,,,0,N,13.2,"RPS site 17703 Martinsburg WV closure invoice, $13.20/tech/day"
REV19_LIBRARY,10,CAT 10 - MISC / DISPOSABLES / DOT BARRELS,SHOP RATES - LEAVE AT ZERO UNLESS THE JOB CALLS FOR IT,CONSUMABLES - DEMO,DEMO CONSUMABLES - LOT,233.66,ok,estimate,Leave At Zero Unless The Job Calls For It,,,0,N,233.66,RPS REV19 rate card
REV19_LIBRARY,10,CAT 10 - MISC / DISPOSABLES / DOT BARRELS,SHOP RATES - LEAVE AT ZERO UNLESS THE JOB CALLS FOR IT,CONSUMABLES - ELECTRICAL,ELECTRICAL CONSUMABLES - LOT,149.64,ok,estimate,Leave At Zero Unless The Job Calls For It,,,0,N,149.64,RPS REV19 rate card
REV19_LIBRARY,10,CAT 10 - MISC / DISPOSABLES / DOT BARRELS,SHOP RATES - LEAVE AT ZERO UNLESS THE JOB CALLS FOR IT,DOT BARREL - CLOSED TOP,"DOT BARREL, CLOSED TOP",74.78,ok,estimate,Leave At Zero Unless The Job Calls For It,,,0,N,74.78,RPS REV19 rate card
REV19_LIBRARY,10,CAT 10 - MISC / DISPOSABLES / DOT BARRELS,SHOP RATES - LEAVE AT ZERO UNLESS THE JOB CALLS FOR IT,TEST HOSE - JUMPER KIT,"FLEX JUMPER KIT, PRE BUILT",53.1,ok,estimate,Leave At Zero Unless The Job Calls For It,,,0,N,53.1,RPS REV19 rate card
REV19_LIBRARY,10,CAT 10 - MISC / DISPOSABLES / DOT BARRELS,SHOP RATES - LEAVE AT ZERO UNLESS THE JOB CALLS FOR IT,NITROGEN TANK / NITROGEN,NITROGEN - LINE PURGE AND AIR TEST,49.3,ok,estimate,Leave At Zero Unless The Job Calls For It,,,0,N,49.3,RPS REV19 rate card
REV19_LIBRARY,10,CAT 10 - MISC / DISPOSABLES / DOT BARRELS,SHOP RATES - LEAVE AT ZERO UNLESS THE JOB CALLS FOR IT,SL1100 URETHANE SEALANT,"SL1100 URETHANE SEALANT, 10.3 OZ",13.5,ok,estimate,Leave At Zero Unless The Job Calls For It,,,0,N,13.5,SOURCE 53039 6/25/26
REV19_LIBRARY,11,CAT 11 - SUBCONTRACTOR,THIRD PARTY TESTING - CROMPCO / OWL SERVICES. REAL 2026 PRICES OFF A JEFFERSON COUNTY INVOICE.,CONT: SPILL BUCKET,SPILL BUCKET VACUUM TEST,238.16,ok,receipt,Crompco,,,0,N,238.16,RECEIPT Crompco 81325 7/9/26
REV19_LIBRARY,11,CAT 11 - SUBCONTRACTOR,THIRD PARTY TESTING - CROMPCO / OWL SERVICES. REAL 2026 PRICES OFF A JEFFERSON COUNTY INVOICE.,VAPOR: PRESSURE DECAY,VAPOR PRESSURE DECAY TEST,468,ok,receipt,Crompco,,,0,N,468,RECEIPT Crompco 81325 7/9/26
REV19_LIBRARY,11,CAT 11 - SUBCONTRACTOR,THIRD PARTY TESTING - CROMPCO / OWL SERVICES. REAL 2026 PRICES OFF A JEFFERSON COUNTY INVOICE.,INSP: OVERFILL VERIF,OVERFILL PREVENTION VERIFICATION,178.88,ok,receipt,Crompco,,,0,N,178.88,RECEIPT Crompco 81325 7/9/26
REV19_LIBRARY,11,CAT 11 - SUBCONTRACTOR,THIRD PARTY TESTING - CROMPCO / OWL SERVICES. REAL 2026 PRICES OFF A JEFFERSON COUNTY INVOICE.,TANK ONLY: REGULAR,TANK TIGHTNESS TEST - PER TANK,458.64,ok,receipt,Crompco,,,0,N,458.64,RECEIPT Crompco 81325 7/9/26
REV19_LIBRARY,11,CAT 11 - SUBCONTRACTOR,THIRD PARTY TESTING - CROMPCO / OWL SERVICES. REAL 2026 PRICES OFF A JEFFERSON COUNTY INVOICE.,TK OUTER: REGULAR,TANK INTERSTITIAL TEST - PER TANK,178.88,ok,receipt,Crompco,,,0,N,178.88,RECEIPT Crompco 81325 7/9/26
REV19_LIBRARY,11,CAT 11 - SUBCONTRACTOR,THIRD PARTY TESTING - CROMPCO / OWL SERVICES. REAL 2026 PRICES OFF A JEFFERSON COUNTY INVOICE.,623V-2203,"VENT P/V VALVE, 2 IN THREAD-ON",159.87,ok,receipt,Crompco,,,0,N,159.87,RECEIPT Crompco 81325 7/9/26
REV19_LIBRARY,11,CAT 11 - SUBCONTRACTOR,THIRD PARTY TESTING - TANKNOLOGY. REAL 2026 PRICES OFF A JEFFERSON COUNTY INVOICE.,TEST-INTER,TANK INTERSTITIAL TEST - PER TANK,500,ok,receipt,Tanknology,,,0,N,500,RECEIPT Tanknology 2249009 3/13/26
REV19_LIBRARY,11,CAT 11 - SUBCONTRACTOR,THIRD PARTY TESTING - TANKNOLOGY. REAL 2026 PRICES OFF A JEFFERSON COUNTY INVOICE.,FEE-FUEL,TANKNOLOGY FUEL SURCHARGE - PER TRIP,15,ok,receipt,Tanknology,,,0,N,15,RECEIPT Tanknology 2249009 3/13/26
REV19_LIBRARY,11,CAT 11 - SUBCONTRACTOR,THIRD PARTY TESTING - TANKNOLOGY. REAL 2026 PRICES OFF A JEFFERSON COUNTY INVOICE.,FEE-CONSUM,TANKNOLOGY CONSUMABLES - PER TRIP,13.5,ok,receipt,Tanknology,,,0,N,13.5,RECEIPT Tanknology 2249009 3/13/26
REV19_LIBRARY,11,CAT 11 - SUBCONTRACTOR,DISPOSAL AND VAC - PETROLEUM MANAGEMENT INC,PMI - TRANSPORT,PMI TRANSPORT TO DISPOSAL - PER TRIP,350,ok,receipt,PMI,,,0,N,350,RECEIPT PMI 69531 8/21/26
REV19_LIBRARY,11,CAT 11 - SUBCONTRACTOR,DISPOSAL AND VAC - PETROLEUM MANAGEMENT INC,PMI - DRUM DISPOSAL,PMI 55 GAL DRUM DISPOSAL - PER DRUM,125,ok,receipt,PMI,,,0,N,125,RECEIPT PMI 69531 8/21/26
REV19_LIBRARY,11,CAT 11 - SUBCONTRACTOR,DISPOSAL AND VAC - PETROLEUM MANAGEMENT INC,PMI - FUEL SURCHARGE,PMI FUEL SURCHARGE - PER TRIP,52.5,ok,receipt,PMI,,,0,N,52.5,RECEIPT PMI 69531 8/21/26
REV19_LIBRARY,11,CAT 11 - SUBCONTRACTOR,DISPOSAL AND VAC - PETROLEUM MANAGEMENT INC,VAC TRUCK,VAC TRUCK - PER DAY,1450,ok,estimate,Petroleum Management Inc,Template,,0,N,1450,RPS Invoice Template 7/29/20. STALE - get a current number
REV19_LIBRARY,11,CAT 11 - SUBCONTRACTOR,ELECTRICAL SUBCONTRACTOR - HASH CONSTRUCTION,HASH - ELEC TECH REG,HASH ELECTRICAL TECH - PER HOUR,82,ok,receipt,Hash,,,0,N,82,RECEIPT Hash inv 072926-101 and 072926-102 7/29/26. 2 techs at $82.00/hr each
REV19_LIBRARY,11,CAT 11 - SUBCONTRACTOR,ELECTRICAL SUBCONTRACTOR - HASH CONSTRUCTION,HASH - TRAVEL,TRAVEL RATE - PER TRIP,85,ok,receipt,Hash,,,0,N,85,RECEIPT Hash inv 7/29/26
REV19_LIBRARY,11,CAT 11 - SUBCONTRACTOR,ELECTRICAL SUBCONTRACTOR - LCE LLC,LCE - ELEC + HELPER REG,LCE ELECTRICIAN AND HELPER - PER HOUR,140,ok,receipt,LCE,,,0,N,140,RECEIPT LCE 8/26/26
REV19_LIBRARY,11,CAT 11 - SUBCONTRACTOR,ELECTRICAL SUBCONTRACTOR - LCE LLC,LCE - ELEC + HELPER OT,"LCE ELECTRICIAN AND HELPER, OT - PER HOUR",210,ok,receipt,LCE,,,0,N,210,RECEIPT LCE 1043 8/26/26
REV19_LIBRARY,11,CAT 11 - SUBCONTRACTOR,ELECTRICAL SUBCONTRACTOR - LCE LLC,LCE - ELECTRICIAN REG,LCE ELECTRICIAN - PER HOUR,95,ok,receipt,LCE,,,0,N,95,RECEIPT LCE 1027 7/29/26
REV19_LIBRARY,11,CAT 11 - SUBCONTRACTOR,ELECTRICAL SUBCONTRACTOR - LCE LLC,LCE - MISC MATERIAL,LCE MISC MATERIAL - PER TRIP,100,ok,receipt,LCE,,,0,N,100,RECEIPT LCE 6/17/26
REV19_LIBRARY,12,CAT 12 - TRADE PERMITS AND ONSITE INSPECTIONS,TRADE PERMITS AND ONSITE INSPECTIONS,TRADE PERMIT FEE,COUNTY OR CITY TRADE PERMITS,,PRICE NEEDED,estimate,,,,0,N,,PRICE NEEDED - call the county
REV19_LIBRARY,12,CAT 12 - TRADE PERMITS AND ONSITE INSPECTIONS,TRADE PERMITS AND ONSITE INSPECTIONS,ONSITE INSPECTION FEE,ONSITE INSPECTION FEES,,PRICE NEEDED,estimate,,,,0,N,,PRICE NEEDED - call the county
PRICE_BOOK,,SALES TAX BY STATE,,State / customer,Rate,,PRICE NEEDED,book,,,,0,,,Source
PRICE_BOOK,,SALES TAX BY STATE,,Virginia,5.30%,,PRICE NEEDED,book,,,,0,,,[INSTR]
PRICE_BOOK,,SALES TAX BY STATE,,Sheetz,6.00%,,PRICE NEEDED,book,,,,0,,,[INSTR]
PRICE_BOOK,,SALES TAX BY STATE,,**Maryland**,**6.00%**,,PRICE NEEDED,book,,,,0,,,"Verified 08/25/2026, Maryland Comptroller / Avalara. State only, no county add-on."
PRICE_BOOK,,SALES TAX BY STATE,,"Schools, municipal",Exempt,,PRICE NEEDED,book,,,,0,,,[INSTR]
PRICE_BOOK,,CATEGORY 1 - ELECTRICAL SUPPLY (EECO / Capital Tristate / Home Depot),3/4 inch galvanized and explosion proof,BBDX1,1 LB duck seal,4.53,ok,book,,,,0,,,4.53 | [2020][2022]
PRICE_BOOK,,CATEGORY 1 - ELECTRICAL SUPPLY (EECO / Capital Tristate / Home Depot),3/4 inch galvanized and explosion proof,CBCHICOA3,1 LB Chico seal compound,10.48,ok,book,,,,0,,,10.48 | [2020][2022]
PRICE_BOOK,,CATEGORY 1 - ELECTRICAL SUPPLY (EECO / Capital Tristate / Home Depot),3/4 inch galvanized and explosion proof,CBCHICOA19PX,"Seal compound, large",34.89,ok,book,,,,0,,,34.89 | [2020][2022]
PRICE_BOOK,,CATEGORY 1 - ELECTRICAL SUPPLY (EECO / Capital Tristate / Home Depot),3/4 inch galvanized and explosion proof,CBEYS21,"3/4 female conduit seal, seal-off",34.64,ok,book,,,,0,,,34.64 | [2020][2022]
PRICE_BOOK,,CATEGORY 1 - ELECTRICAL SUPPLY (EECO / Capital Tristate / Home Depot),3/4 inch galvanized and explosion proof,CBGUP214,"GUP214 junction box, large J-box",94.73,ok,book,,,,0,,,94.73 | [2020][2022]
PRICE_BOOK,,CATEGORY 1 - ELECTRICAL SUPPLY (EECO / Capital Tristate / Home Depot),3/4 inch galvanized and explosion proof,CBLBY25,"3/4 90 degree conduit ell, pull 90",26.0,ok,book,,,,0,,,26.00 | [2020][2022]
PRICE_BOOK,,CATEGORY 1 - ELECTRICAL SUPPLY (EECO / Capital Tristate / Home Depot),3/4 inch galvanized and explosion proof,CBOELB2,"3/4 OELB conduit body and cover, L-box",62.22,ok,book,,,,0,,,62.22 | [2020][2022]
PRICE_BOOK,,CATEGORY 1 - ELECTRICAL SUPPLY (EECO / Capital Tristate / Home Depot),3/4 inch galvanized and explosion proof,CBPLG2,3/4 recessed plug,2.35,ok,book,,,,0,,,2.35 | [2020][2022]
PRICE_BOOK,,CATEGORY 1 - ELECTRICAL SUPPLY (EECO / Capital Tristate / Home Depot),3/4 inch galvanized and explosion proof,CBRE21,3/4 x 1/2 reducer bushing,0.53,ok,book,,,,0,,,0.536 | [2020][2022]
PRICE_BOOK,,CATEGORY 1 - ELECTRICAL SUPPLY (EECO / Capital Tristate / Home Depot),3/4 inch galvanized and explosion proof,CBRE32,1 x 3/4 reducer,2.35,ok,book,,,,0,,,2.35 | [2020][2022]
PRICE_BOOK,,CATEGORY 1 - ELECTRICAL SUPPLY (EECO / Capital Tristate / Home Depot),3/4 inch galvanized and explosion proof,CBUNF205,3/4 female union,26.07,ok,book,,,,0,,,26.07 [2020] / 27.49 [2022] | conflict
PRICE_BOOK,,CATEGORY 1 - ELECTRICAL SUPPLY (EECO / Capital Tristate / Home Depot),3/4 inch galvanized and explosion proof,CBUNY205,3/4 male union,28.5,ok,book,,,,0,,,28.50 [2020] / 22.74 [2022] | conflict
PRICE_BOOK,,CATEGORY 1 - ELECTRICAL SUPPLY (EECO / Capital Tristate / Home Depot),3/4 inch galvanized and explosion proof,CF3/4GACP,3/4 x close galv conduit nipple,1.62,ok,book,,,,0,,,1.62 [2020] / 1.05 [2022] | conflict
PRICE_BOOK,,CATEGORY 1 - ELECTRICAL SUPPLY (EECO / Capital Tristate / Home Depot),3/4 inch galvanized and explosion proof,CF3/4X2GANIP,3/4 x 2 galv conduit nipple,1.96,ok,book,,,,0,,,1.96 [2020] / 0.90 [2022] | conflict
PRICE_BOOK,,CATEGORY 1 - ELECTRICAL SUPPLY (EECO / Capital Tristate / Home Depot),3/4 inch galvanized and explosion proof,CF3/4X3GANIP,3/4 x 3 galv conduit nipple,2.31,ok,book,,,,0,,,2.31 [2020] / 1.09 [2022] | conflict
PRICE_BOOK,,CATEGORY 1 - ELECTRICAL SUPPLY (EECO / Capital Tristate / Home Depot),3/4 inch galvanized and explosion proof,CF3/4X4GANIP,3/4 x 4 galv conduit nipple,2.68,ok,book,,,,0,,,2.68 [2020] / 1.30 [2022] | conflict
PRICE_BOOK,,CATEGORY 1 - ELECTRICAL SUPPLY (EECO / Capital Tristate / Home Depot),3/4 inch galvanized and explosion proof,CO3/4GA,"3/4"" galvanized conduit **UNIT BASIS UNKNOWN**",13.36,ok,book,,,,0,,,13.36 | [2020][2022]
PRICE_BOOK,,CATEGORY 1 - ELECTRICAL SUPPLY (EECO / Capital Tristate / Home Depot),3/4 inch galvanized and explosion proof,PV3/4,"3/4"" PVC conduit Sch 40 **UNIT BASIS UNKNOWN**",21.93,ok,book,,,,0,,,21.93 | [2020][2022]
PRICE_BOOK,,CATEGORY 1 - ELECTRICAL SUPPLY (EECO / Capital Tristate / Home Depot),3/4 inch galvanized and explosion proof,PV3/4FTA,"3/4"" PVC female adapter",0.23,ok,book,,,,0,,,0.23 | [2020][2022]
PRICE_BOOK,,CATEGORY 1 - ELECTRICAL SUPPLY (EECO / Capital Tristate / Home Depot),3/4 inch galvanized and explosion proof,RIGID SWEEP 90,"3/4"" rigid sweep 90",5.91,ok,book,,,,0,,,5.91 | [2020]
PRICE_BOOK,,CATEGORY 1 - ELECTRICAL SUPPLY (EECO / Capital Tristate / Home Depot),3/4 inch galvanized and explosion proof,PVC COATED CONDUIT,Rob Roy,54.0,ok,book,,,,0,,,54.00 | [2020]
PRICE_BOOK,,CATEGORY 1 - ELECTRICAL SUPPLY (EECO / Capital Tristate / Home Depot),3/4 inch galvanized and explosion proof,3PC UNION-DIRECT BURY EP,Explosion proof Erickson,33.15,ok,book,,,,0,,,33.15 | [2020]
PRICE_BOOK,,CATEGORY 1 - ELECTRICAL SUPPLY (EECO / Capital Tristate / Home Depot),3/4 inch galvanized and explosion proof,THREADED CONDUIT BUSHING 3/4,3/4 threaded conduit bushing,0.55,ok,book,,,,0,,,0.55 | [2020][2022]
PRICE_BOOK,,CATEGORY 1 - ELECTRICAL SUPPLY (EECO / Capital Tristate / Home Depot),3/4 inch galvanized and explosion proof,3/4 ALUM FLEX,"Flexible conduit 3/4 aluminum, per ft",0.9,ok,book,,,,0,,,0.90 | [2020][2022]
PRICE_BOOK,,CATEGORY 1 - ELECTRICAL SUPPLY (EECO / Capital Tristate / Home Depot),3/4 inch galvanized and explosion proof,3/4 FLEX CONN ELBOW,3/4 flex conduit connector elbow 90,1.39,ok,book,,,,0,,,1.39 | [2020][2022]
PRICE_BOOK,,CATEGORY 1 - ELECTRICAL SUPPLY (EECO / Capital Tristate / Home Depot),3/4 inch galvanized and explosion proof,SCXC272,3/4 D/C squeeze flex connector,1.99,ok,book,,,,0,,,1.99 | [2020]
PRICE_BOOK,,CATEGORY 1 - ELECTRICAL SUPPLY (EECO / Capital Tristate / Home Depot),3/4 inch galvanized and explosion proof,ID30071 / 72 / 73,"Wire connectors, gray / blue / orange",6.53,ok,book,,,,0,,,6.53 / 7.37 / 8.52 | [2020][2022]
PRICE_BOOK,,CATEGORY 1 - ELECTRICAL SUPPLY (EECO / Capital Tristate / Home Depot),3/4 and 1 inch EMT,"10 FOOT STICK 3/4"" EMT",3/4 inch 10 ft steel EMT,8.2,ok,book,,,,0,,,8.20 | [2020][2022]
PRICE_BOOK,,CATEGORY 1 - ELECTRICAL SUPPLY (EECO / Capital Tristate / Home Depot),3/4 and 1 inch EMT,"10 FOOT STICK 1"" EMT",1 inch 10 ft EMT,14.2,ok,book,,,,0,,,14.20 | [2020][2022]
PRICE_BOOK,,CATEGORY 1 - ELECTRICAL SUPPLY (EECO / Capital Tristate / Home Depot),3/4 and 1 inch EMT,"3/4"" BOX CONNECTOR",3/4 EMT compression J-box connector,1.31,ok,book,,,,0,,,1.31 [2020] / 0.90 [2022] | conflict
PRICE_BOOK,,CATEGORY 1 - ELECTRICAL SUPPLY (EECO / Capital Tristate / Home Depot),3/4 and 1 inch EMT,"3/4"" COMPRESSION COUPLING",,1.5,ok,book,,,,0,,,1.50 [2020] / 0.90 [2022] | conflict
PRICE_BOOK,,CATEGORY 1 - ELECTRICAL SUPPLY (EECO / Capital Tristate / Home Depot),3/4 and 1 inch EMT,"3/4"" COMP COUPLING RAIN TIGHT",,1.35,ok,book,,,,0,,,1.35 | [2020][2022]
PRICE_BOOK,,CATEGORY 1 - ELECTRICAL SUPPLY (EECO / Capital Tristate / Home Depot),3/4 and 1 inch EMT,"EMT PULL 90 3/4""",,10.73,ok,book,,,,0,,,10.73 [2020] / 1.22 [2022] | large conflict
PRICE_BOOK,,CATEGORY 1 - ELECTRICAL SUPPLY (EECO / Capital Tristate / Home Depot),3/4 and 1 inch EMT,EMT 3/4 STRAP,"3/4"" strap",0.35,ok,book,,,,0,,,0.35 | [2020][2022]
PRICE_BOOK,,CATEGORY 1 - ELECTRICAL SUPPLY (EECO / Capital Tristate / Home Depot),3/4 and 1 inch EMT,ORBOF7712,EMT steel set screw coupling,0.21,ok,book,,,,0,,,0.21 | [2020]
PRICE_BOOK,,CATEGORY 1 - ELECTRICAL SUPPLY (EECO / Capital Tristate / Home Depot),3/4 and 1 inch EMT,CF3/4EMTEL,"3/4"" EMT elbow 90",2.0,ok,book,,,,0,,,2.00 | [2020]
PRICE_BOOK,,CATEGORY 1 - ELECTRICAL SUPPLY (EECO / Capital Tristate / Home Depot),3/4 and 1 inch EMT,"3/4"" EMT SWEEP 90",,4.57,ok,book,,,,0,,,4.57 | [2020]
PRICE_BOOK,,CATEGORY 1 - ELECTRICAL SUPPLY (EECO / Capital Tristate / Home Depot),3/4 and 1 inch EMT,SCBU502,"3/4"" 105D plastic bushing",0.1,ok,book,,,,0,,,0.10 | [2020]
PRICE_BOOK,,CATEGORY 1 - ELECTRICAL SUPPLY (EECO / Capital Tristate / Home Depot),1 inch galvanized and explosion proof,EYS31,"1"" explosion proof seal-off",44.66,ok,book,,,,0,,,44.66 | [2020][2022]
PRICE_BOOK,,CATEGORY 1 - ELECTRICAL SUPPLY (EECO / Capital Tristate / Home Depot),1 inch galvanized and explosion proof,UNF305,"1"" steel female conduit union",49.68,ok,book,,,,0,,,49.68 | [2020][2022]
PRICE_BOOK,,CATEGORY 1 - ELECTRICAL SUPPLY (EECO / Capital Tristate / Home Depot),1 inch galvanized and explosion proof,"1"" BOX CONNECT-FLEXIBLE",,2.01,ok,book,,,,0,,,2.01 | [2020]
PRICE_BOOK,,CATEGORY 1 - ELECTRICAL SUPPLY (EECO / Capital Tristate / Home Depot),1 inch galvanized and explosion proof,"1"" FLEXIBLE CONDUIT","1"" flexible conduit, 50 ft",92.53,ok,book,,,,0,,,92.53 | [2020][2022]
PRICE_BOOK,,CATEGORY 1 - ELECTRICAL SUPPLY (EECO / Capital Tristate / Home Depot),1 inch galvanized and explosion proof,"1""X6"" GALV NIPPLE",,3.47,ok,book,,,,0,,,3.47 | [2020][2022]
PRICE_BOOK,,CATEGORY 1 - ELECTRICAL SUPPLY (EECO / Capital Tristate / Home Depot),1 inch galvanized and explosion proof,"1""XCLOSE",,2.13,ok,book,,,,0,,,2.13 | [2020][2022]
PRICE_BOOK,,CATEGORY 1 - ELECTRICAL SUPPLY (EECO / Capital Tristate / Home Depot),1 inch galvanized and explosion proof,100GC,"1"" galv coupling",2.94,ok,book,,,,0,,,2.94 | [2020][2022]
PRICE_BOOK,,CATEGORY 1 - ELECTRICAL SUPPLY (EECO / Capital Tristate / Home Depot),1 inch galvanized and explosion proof,"1""X2"" GALV NIPPLE",,2.62,ok,book,,,,0,,,2.62 | [2020][2022]
PRICE_BOOK,,CATEGORY 1 - ELECTRICAL SUPPLY (EECO / Capital Tristate / Home Depot),1 inch galvanized and explosion proof,"1""x3"" GALV NIPPLE",,3.25,ok,book,,,,0,,,3.25 | [2020][2022]
PRICE_BOOK,,CATEGORY 1 - ELECTRICAL SUPPLY (EECO / Capital Tristate / Home Depot),1 inch galvanized and explosion proof,RE32,"1"" to 3/4"" reducing bushing",5.63,ok,book,,,,0,,,5.63 | [2020][2022]
PRICE_BOOK,,CATEGORY 1 - ELECTRICAL SUPPLY (EECO / Capital Tristate / Home Depot),1 inch galvanized and explosion proof,"1"" CONDUIT STRAPS",,0.65,ok,book,,,,0,,,0.65 | [2020][2022]
PRICE_BOOK,,CATEGORY 1 - ELECTRICAL SUPPLY (EECO / Capital Tristate / Home Depot),1 inch galvanized and explosion proof,SCBU503,"1"" 105DF plastic bushing",0.17,ok,book,,,,0,,,0.17 | [2020]
PRICE_BOOK,,CATEGORY 1 - ELECTRICAL SUPPLY (EECO / Capital Tristate / Home Depot),Misc electrical,PULL STRING,"2200 ft roll, Capital Electric",54.64,ok,book,,,,0,,,54.64 | [2020][2022]
PRICE_BOOK,,CATEGORY 1 - ELECTRICAL SUPPLY (EECO / Capital Tristate / Home Depot),Misc electrical,240'SW WIRE FISHTAPE,240 ft fishtape,68.42,ok,book,,,,0,,,68.42 | [2020]
PRICE_BOOK,,CATEGORY 1 - ELECTRICAL SUPPLY (EECO / Capital Tristate / Home Depot),Misc electrical,"2"" U-BOLTS",,3.32,ok,book,,,,0,,,3.32 | [2020][2022]
PRICE_BOOK,,CATEGORY 1 - ELECTRICAL SUPPLY (EECO / Capital Tristate / Home Depot),Misc electrical,"3"" UNISTRUT CLAMPS",for smart sensors,4.41,ok,book,,,,0,,,4.41 | [2020][2022]
PRICE_BOOK,,CATEGORY 1 - ELECTRICAL SUPPLY (EECO / Capital Tristate / Home Depot),Misc electrical,"2"" UNISTRUT CLAMPS",for sensors,3.43,ok,book,,,,0,,,3.43 | [2020][2022]
PRICE_BOOK,,CATEGORY 1 - ELECTRICAL SUPPLY (EECO / Capital Tristate / Home Depot),Misc electrical,UNISTRUT PER FOOT,,5.25,ok,book,,,,0,,,5.25 | [2020][2022]
PRICE_BOOK,,CATEGORY 1 - ELECTRICAL SUPPLY (EECO / Capital Tristate / Home Depot),Misc electrical,HOASG6X6X4NK,Pull box 6x6x4,10.93,ok,book,,,,0,,,10.93 | [2020]
PRICE_BOOK,,CATEGORY 1 - ELECTRICAL SUPPLY (EECO / Capital Tristate / Home Depot),Misc electrical,PSF6C CADDY,"6 x 4.8"" rooftop fixed strut support",20.73,ok,book,,,,0,,,20.73 | [2020][2022]
PRICE_BOOK,,CATEGORY 1 - ELECTRICAL SUPPLY (EECO / Capital Tristate / Home Depot),Misc electrical,RX21H51,Raintight device box 2 gang 5 hole,10.72,ok,book,,,,0,,,10.72 | [2020]
PRICE_BOOK,,CATEGORY 1 - ELECTRICAL SUPPLY (EECO / Capital Tristate / Home Depot),Misc electrical,AFI CG75K,3/4 in cord conn kit .125-.880,45.31,ok,book,,,,0,,,45.31 | [2020]
PRICE_BOOK,,CATEGORY 1 - ELECTRICAL SUPPLY (EECO / Capital Tristate / Home Depot),Misc electrical,MULB 30283,WP blank cover,1.49,ok,book,,,,0,,,1.49 | [2020]
PRICE_BOOK,,CATEGORY 1 - ELECTRICAL SUPPLY (EECO / Capital Tristate / Home Depot),Misc electrical,MULB 30242,WP alum box with lug,6.94,ok,book,,,,0,,,6.94 | [2020]
PRICE_BOOK,,CATEGORY 1 - ELECTRICAL SUPPLY (EECO / Capital Tristate / Home Depot),Misc electrical,CBPLG1,1/2 recessed plug,2.82,ok,book,,,,0,,,2.82 | [2020]
PRICE_BOOK,,CATEGORY 1 - ELECTRICAL SUPPLY (EECO / Capital Tristate / Home Depot),"Wire - per foot, before freight",12 AWG THHN,0.4238,64.81,ok,book,,,,0,,,64.81 per 500 ft = 0.1296 | 0.10 - 0.20 | Use [INSTR]
PRICE_BOOK,,CATEGORY 1 - ELECTRICAL SUPPLY (EECO / Capital Tristate / Home Depot),"Wire - per foot, before freight",VR wire B88760EQ,1.0974,0.59,ok,book,,,,0,,,0.59 | 0.20 | Use [INSTR]
PRICE_BOOK,,CATEGORY 1 - ELECTRICAL SUPPLY (EECO / Capital Tristate / Home Depot),"Wire - per foot, before freight","Intercom, 4 conductor",1.9209,1009.0,ok,book,,,,0,,,1009.00 per 1000 ft roll = 1.009 | 0.00 | Use [INSTR]
PRICE_BOOK,,CATEGORY 1 - ELECTRICAL SUPPLY (EECO / Capital Tristate / Home Depot),"Wire - per foot, before freight","Data twisted pair, 18g",0.4768,0.18,ok,book,,,,0,,,0.18 | 0.10 | Use [INSTR]
PRICE_BOOK,,CATEGORY 1 - ELECTRICAL SUPPLY (EECO / Capital Tristate / Home Depot),"Wire - per foot, before freight",Cat6 (Belden 7931A eq),2.6051,1.5,ok,book,,,,0,,,1.50 | 0.20 | Use [INSTR]
PRICE_BOOK,,CATEGORY 1 - ELECTRICAL SUPPLY (EECO / Capital Tristate / Home Depot),"Wire - per foot, before freight",Belden 7931A-1 (7-11 spec pre 4/1/20),-,2.81,ok,book,,,,0,,,2.812 | 0.20 | historical
PRICE_BOOK,,CATEGORY 1 - ELECTRICAL SUPPLY (EECO / Capital Tristate / Home Depot),"Wire - per foot, before freight",TEAS6S-RD-100 / BL-100 data roll 1000 ft,-,545.0,ok,book,,,,0,,,545.00 | - | [2020]
PRICE_BOOK,,CATEGORY 2 - PIPING (Ferguson / Plumbing Supply),,,"1"" black malleable plug",2.09,ok,book,,,,0,,,2.09 | [2020][2022]
PRICE_BOOK,,CATEGORY 2 - PIPING (Ferguson / Plumbing Supply),,IBNJCL,"1.5"" x close black nipple",3.58,ok,book,,,,0,,,3.58 | [2020][2022]
PRICE_BOOK,,CATEGORY 2 - PIPING (Ferguson / Plumbing Supply),,IBNKM,"1.5"" x 3"" black nipple",5.6,ok,book,,,,0,,,5.60 | [2020][2022]
PRICE_BOOK,,CATEGORY 2 - PIPING (Ferguson / Plumbing Supply),,,"1.5"" x 4"" black nipple",3.0,ok,book,,,,0,,,3.00 | [2020][2022]
PRICE_BOOK,,CATEGORY 2 - PIPING (Ferguson / Plumbing Supply),,,"1.5"" x 4.5"" black nipple",4.5,ok,book,,,,0,,,4.50 | [2020][2022]
PRICE_BOOK,,CATEGORY 2 - PIPING (Ferguson / Plumbing Supply),,,"1.5"" x 5"" black nipple",5.89,ok,book,,,,0,,,5.89 | [2020][2022]
PRICE_BOOK,,CATEGORY 2 - PIPING (Ferguson / Plumbing Supply),,,"1.5"" x 5.5"" black nipple",6.81,ok,book,,,,0,,,6.81 | [2020][2022]
PRICE_BOOK,,CATEGORY 2 - PIPING (Ferguson / Plumbing Supply),,,"1.5"" x 6"" black nipple",7.21,ok,book,,,,0,,,7.21 | [2020][2022]
PRICE_BOOK,,CATEGORY 2 - PIPING (Ferguson / Plumbing Supply),,,"1.5"" x 12"" black nipple",17.65,ok,book,,,,0,,,17.65 | [2020]
PRICE_BOOK,,CATEGORY 2 - PIPING (Ferguson / Plumbing Supply),,IB150UJ,"1-1/2"" black MI 150# union",20.48,ok,book,,,,0,,,20.48 | [2022]
PRICE_BOOK,,CATEGORY 2 - PIPING (Ferguson / Plumbing Supply),,BCK,"2"" black MI 150# coupling",11.06,ok,book,,,,0,,,11.06 | [2020][2022]
PRICE_BOOK,,CATEGORY 2 - PIPING (Ferguson / Plumbing Supply),,IBNKCL,2 x close black steel nipple,4.88,ok,book,,,,0,,,4.88 | [2020][2022]
PRICE_BOOK,,CATEGORY 2 - PIPING (Ferguson / Plumbing Supply),,IBNKR,"2 x 4"" black steel nipple",6.77,ok,book,,,,0,,,6.77 | [2020][2022]
PRICE_BOOK,,CATEGORY 2 - PIPING (Ferguson / Plumbing Supply),,IBBKD,"2 x 4.5"" black steel nipple",7.8,ok,book,,,,0,,,7.80 | [2020][2022]
PRICE_BOOK,,CATEGORY 2 - PIPING (Ferguson / Plumbing Supply),,IB4K,"2"" 45 elbow",15.14,ok,book,,,,0,,,15.14 | [2020][2022]
PRICE_BOOK,,CATEGORY 2 - PIPING (Ferguson / Plumbing Supply),,IB150UK,"2"" black steel union 150#",30.95,ok,book,,,,0,,,30.95 | [2020][2022]
PRICE_BOOK,,CATEGORY 2 - PIPING (Ferguson / Plumbing Supply),,IBTK,"2"" black steel 150# tee",20.52,ok,book,,,,0,,,20.52 | [2020][2022]
PRICE_BOOK,,CATEGORY 2 - PIPING (Ferguson / Plumbing Supply),,IB9K,"2"" black steel 150# 90 elbow",14.26,ok,book,,,,0,,,14.26 | [2020][2022]
PRICE_BOOK,,CATEGORY 2 - PIPING (Ferguson / Plumbing Supply),,,"2"" galv elbow",22.81,ok,book,,,,0,,,22.81 | [2020]
PRICE_BOOK,,CATEGORY 2 - PIPING (Ferguson / Plumbing Supply),,IBCP,"4"" black steel coupling 150#",62.04,ok,book,,,,0,,,62.04 | [2020][2022]
PRICE_BOOK,,CATEGORY 2 - PIPING (Ferguson / Plumbing Supply),,IBNP12,"4"" x 12"" black steel nipple",59.41,ok,book,,,,0,,,59.41 [2020] / 42.40 [2022] | conflict
PRICE_BOOK,,CATEGORY 2 - PIPING (Ferguson / Plumbing Supply),,,"4"" x close",27.29,ok,book,,,,0,,,27.29 | [2020]
PRICE_BOOK,,CATEGORY 2 - PIPING (Ferguson / Plumbing Supply),,,"4"" x 4""",31.57,ok,book,,,,0,,,31.57 | [2020][2022]
PRICE_BOOK,,CATEGORY 2 - PIPING (Ferguson / Plumbing Supply),,,"4"" x 5""",36.06,ok,book,,,,0,,,36.06 | [2020]
PRICE_BOOK,,CATEGORY 2 - PIPING (Ferguson / Plumbing Supply),,,"4"" x 6""",38.55,ok,book,,,,0,,,38.55 [2020] / 34.62 [2022] | conflict
PRICE_BOOK,,CATEGORY 2 - PIPING (Ferguson / Plumbing Supply),,,"4"" x 8"" black steel nipple",44.5,ok,book,,,,0,,,44.50 [2020] / 48.24 [2022] | conflict
PRICE_BOOK,,CATEGORY 2 - PIPING (Ferguson / Plumbing Supply),,,"4"" x 36"" black steel nipple",136.24,ok,book,,,,0,,,136.24 | [2020][2022]
PRICE_BOOK,,CATEGORY 3 - ICON (cost / 20% markup / ship shown separately in source),,IRF 4B1.0,"4 bolt split conduit repair boot, small",140.0,ok,book,,,,0,,,140.00 | 0.00
PRICE_BOOK,,CATEGORY 3 - ICON (cost / 20% markup / ship shown separately in source),,IRF 4 B1.4,4 bolt split repair conduit boot,140.0,ok,book,,,,0,,,140.00 | 10.38
PRICE_BOOK,,CATEGORY 3 - ICON (cost / 20% markup / ship shown separately in source),,IRF 4B1.4NG,4 bolt angled conduit entry boot,140.0,ok,book,,,,0,,,140.00 | 10.38
PRICE_BOOK,,CATEGORY 3 - ICON (cost / 20% markup / ship shown separately in source),,IRF 8B2.0,8 bolt repair boot,213.3,ok,book,,,,0,,,213.30 | 0.00
PRICE_BOOK,,CATEGORY 3 - ICON (cost / 20% markup / ship shown separately in source),,IRF 8B2.5,8 bolt repair boot,189.6,ok,book,,,,0,,,189.60 | 0.00
PRICE_BOOK,,CATEGORY 3 - ICON (cost / 20% markup / ship shown separately in source),,IRF 8B2.5OS,"8 bolt repair boot, offset",189.6,ok,book,,,,0,,,189.60 | 0.00
PRICE_BOOK,,CATEGORY 3 - ICON (cost / 20% markup / ship shown separately in source),,IRF 8B3.5,8 bolt split flange repair boot,189.6,ok,book,,,,0,,,189.60 | 0.00
PRICE_BOOK,,CATEGORY 3 - ICON (cost / 20% markup / ship shown separately in source),,IRF 10B4.5U,10 bolt encapsulation,260.1,ok,book,,,,0,,,260.10 | 10.38
PRICE_BOOK,,CATEGORY 3 - ICON (cost / 20% markup / ship shown separately in source),,IRF TCI-MMC4.5,TCI vapor encapsulation,121.5,ok,book,,,,0,,,121.50 | 10.38
PRICE_BOOK,,CATEGORY 3 - ICON (cost / 20% markup / ship shown separately in source),,IRF RIGID 1.4,Rigid bonded kit,251.1,ok,book,,,,0,,,251.10 | 10.38
PRICE_BOOK,,CATEGORY 3 - ICON (cost / 20% markup / ship shown separately in source),,IRI 3.5xplug,Plug,59.2,ok,book,,,,0,,,59.20 | 0.00
PRICE_BOOK,,CATEGORY 3 - ICON (cost / 20% markup / ship shown separately in source),,IRI 2.4x2.0,Reducing boot,35.2,ok,book,,,,0,,,35.20 | 0.00
PRICE_BOOK,,CATEGORY 3 - ICON (cost / 20% markup / ship shown separately in source),,IRI 4.5X2.0,Split repair insert,48.6,ok,book,,,,0,,,48.60 | 10.38
PRICE_BOOK,,CATEGORY 3 - ICON (cost / 20% markup / ship shown separately in source),,IRI 4.5X2.5,Split repair insert,48.6,ok,book,,,,0,,,48.60 | 10.38
PRICE_BOOK,,CATEGORY 3 - ICON (cost / 20% markup / ship shown separately in source),,IRI 4.5X2.0OS,Split repair offset,56.7,ok,book,,,,0,,,56.70 | 10.38
PRICE_BOOK,,CATEGORY 3 - ICON (cost / 20% markup / ship shown separately in source),,IRI 4.5X2.25OS,Insert offset,56.7,ok,book,,,,0,,,56.70 | 10.38
PRICE_BOOK,,CATEGORY 3 - ICON (cost / 20% markup / ship shown separately in source),,IRI 4.5X2.5OS,Insert offset,48.6,ok,book,,,,0,,,48.60 | 10.38
PRICE_BOOK,,CATEGORY 3 - ICON (cost / 20% markup / ship shown separately in source),,IRI 4.5X3.7OS,Insert offset,56.7,ok,book,,,,0,,,56.70 | 10.38
PRICE_BOOK,,CATEGORY 3 - ICON (cost / 20% markup / ship shown separately in source),,ISR 2.0X2.0,Split reducer,30.6,ok,book,,,,0,,,30.60 | see note
PRICE_BOOK,,CATEGORY 3 - ICON (cost / 20% markup / ship shown separately in source),,ISR 2.0X2.0A,Split reducer,39.6,ok,book,,,,0,,,39.60 | 10.38
PRICE_BOOK,,CATEGORY 3 - ICON (cost / 20% markup / ship shown separately in source),,ISR 2.5x2.5A,Split test boot,35.2,ok,book,,,,0,,,35.20 | 0.00
PRICE_BOOK,,CATEGORY 3 - ICON (cost / 20% markup / ship shown separately in source),,IAC IBOND50FS,Bonding agent fast set,48.6,ok,book,,,,0,,,48.60 / 66.28 | conflict
PRICE_BOOK,,CATEGORY 3 - ICON (cost / 20% markup / ship shown separately in source),,IAC IBOND50H2O,Bonding agent underwater,92.04,ok,book,,,,0,,,92.04 | -
PRICE_BOOK,,CATEGORY 3 - ICON (cost / 20% markup / ship shown separately in source),,IAC FASTFUSE,ICON split repair glue,81.0,ok,book,,,,0,,,81.00 | 10.38
PRICE_BOOK,,CATEGORY 3 - ICON (cost / 20% markup / ship shown separately in source),,IAC FASTFILL,Fastfill rapid filler,81.0,ok,book,,,,0,,,81.00 | -
PRICE_BOOK,,CATEGORY 3 - ICON (cost / 20% markup / ship shown separately in source),,IAC FAST FIX XL,Fast fix patch for FG conversion,89.1,ok,book,,,,0,,,89.10 | 10.38
PRICE_BOOK,,CATEGORY 3 - ICON (cost / 20% markup / ship shown separately in source),,IAC FAST FOAM / FFOAM50,"Fast foam, 50 ML cartridge",51.54,ok,book,,,,0,,,51.54 | 10.38
PRICE_BOOK,,CATEGORY 3 - ICON (cost / 20% markup / ship shown separately in source),,IAC WETWELD,"Water blocker, epoxy",24.54,ok,book,,,,0,,,24.54 | -
PRICE_BOOK,,CATEGORY 3 - ICON (cost / 20% markup / ship shown separately in source),,IAC PFUSE250,250 ML polyfusion cartridge,251.1,ok,book,,,,0,,,251.10 | 10.38
PRICE_BOOK,,CATEGORY 3 - ICON (cost / 20% markup / ship shown separately in source),,IAC FIBERGUSE,20 oz gasket sealer kit,71.1,ok,book,,,,0,,,71.10 | -
PRICE_BOOK,,CATEGORY 3 - ICON (cost / 20% markup / ship shown separately in source),,IAC PS200,Petro seal gasket sealant,80.1,ok,book,,,,0,,,80.10 | -
PRICE_BOOK,,CATEGORY 3 - ICON (cost / 20% markup / ship shown separately in source),,SIKAFLEX,Sikaflex,12.3,ok,book,,,,0,,,12.30 | 0.00
PRICE_BOOK,,CATEGORY 4 - PETRO SUPPLY / SOURCE,,1C-3112D,"OPW DW Edge bucket with drain, fill",817.46,ok,book,,,,0,,,817.46 | 31.27
PRICE_BOOK,,CATEGORY 4 - PETRO SUPPLY / SOURCE,,1C-3112P,"OPW DW Edge bucket with plug, vapor",817.46,ok,book,,,,0,,,817.46 | 31.27
PRICE_BOOK,,CATEGORY 4 - PETRO SUPPLY / SOURCE,,202135-KIT,"OPW DW Edge primary liner kit, drain",584.86,ok,book,,,,0,,,584.86 | -
PRICE_BOOK,,CATEGORY 4 - PETRO SUPPLY / SOURCE,,202136-KIT,"OPW DW Edge primary liner kit, plug",584.86,ok,book,,,,0,,,584.86 | -
PRICE_BOOK,,CATEGORY 4 - PETRO SUPPLY / SOURCE,,61VSA-1020-EVR,"4"" brass vapor adapter",295.85,ok,book,,,,0,,,295.85 | -
PRICE_BOOK,,CATEGORY 4 - PETRO SUPPLY / SOURCE,,1DK-2100-EVR,Drain kit,65.15,ok,book,,,,0,,,65.15 | -
PRICE_BOOK,,CATEGORY 4 - PETRO SUPPLY / SOURCE,,206121,"FSA Edge bucket adapter, short",83.36,ok,book,,,,0,,,83.36 | -
PRICE_BOOK,,CATEGORY 4 - PETRO SUPPLY / SOURCE,,206122,"FSA Edge bucket adapter, tall",110.57,ok,book,,,,0,,,110.57 | -
PRICE_BOOK,,CATEGORY 4 - PETRO SUPPLY / SOURCE,,FSA-400S / FSA-400,"Face seal adapter, short / long",65.31,ok,book,,,,0,,,65.31 | -
PRICE_BOOK,,CATEGORY 4 - PETRO SUPPLY / SOURCE,,104A-1200,"12"" ID cast iron manhole",109.29,ok,book,,,,0,,,109.29 [2020] / 74.48 [2022] | conflict
PRICE_BOOK,,CATEGORY 4 - PETRO SUPPLY / SOURCE,,104A-1800,"18"" manhole",153.66,ok,book,,,,0,,,153.66 | -
PRICE_BOOK,,CATEGORY 4 - PETRO SUPPLY / SOURCE,,104A-1800WT,"18"" manhole, watertight",209.78,ok,book,,,,0,,,209.78 | -
PRICE_BOOK,,CATEGORY 4 - PETRO SUPPLY / SOURCE,,DPC-2150A,"1.5"" DW coupling, swage fitting",108.67,ok,book,,,,0,,,108.67 | -
PRICE_BOOK,,CATEGORY 4 - PETRO SUPPLY / SOURCE,,SBC-2150,"1.5"" DW swivel bolt-on coupling",172.63,ok,book,,,,0,,,172.63 | -
PRICE_BOOK,,CATEGORY 4 - PETRO SUPPLY / SOURCE,,TTT-2536,"Test tube termination kit, FlexWorks",27.14,ok,book,,,,0,,,27.14 | -
PRICE_BOOK,,CATEGORY 4 - PETRO SUPPLY / SOURCE,,10P-0152,"1.5"" 10 Plus DP shear valve",200.91,ok,book,,,,0,,,200.91 | -
PRICE_BOOK,,CATEGORY 4 - PETRO SUPPLY / SOURCE,,71SO-400C,"Drop tube with overfill valve, 8 ft",625.74,ok,book,,,,0,,,625.74 | -
PRICE_BOOK,,CATEGORY 4 - PETRO SUPPLY / SOURCE,,71SO-410C,"Drop tube with overfill valve, 10 ft",736.5,ok,book,,,,0,,,736.50 | -
PRICE_BOOK,,CATEGORY 4 - PETRO SUPPLY / SOURCE,,303-1515 / 303-1520,"1.5"" offset, 1.5"" / 2""",38.74,ok,book,,,,0,,,38.74 | -
PRICE_BOOK,,CATEGORY 4 - PETRO SUPPLY / SOURCE,,303-1525 / 303-1530,"1.5"" offset, 2.5"" / 3""",44.08,ok,book,,,,0,,,44.08 | -
PRICE_BOOK,,CATEGORY 4 - PETRO SUPPLY / SOURCE,,22850707,"NOV AM 2"" primary sleeve coupling",11.63,ok,book,,,,0,,,11.63 | -
PRICE_BOOK,,CATEGORY 4 - PETRO SUPPLY / SOURCE,,22884386,"NOV AM 2"" primary pipe per ft",4.25,ok,book,,,,0,,,4.25 | -
PRICE_BOOK,,CATEGORY 4 - PETRO SUPPLY / SOURCE,,33884381,"NOV AM 3"" FRP pipe per ft",6.23,ok,book,,,,0,,,6.23 | -
PRICE_BOOK,,CATEGORY 4 - PETRO SUPPLY / SOURCE,,013030-191-4,"NOV SM 2"" primary adapt bell x male NPT",23.8,ok,book,,,,0,,,23.80 | -
PRICE_BOOK,,CATEGORY 4 - PETRO SUPPLY / SOURCE,,012020-180-4,"NOV 2"" end cap",52.28,ok,book,,,,0,,,52.28 | -
PRICE_BOOK,,CATEGORY 4 - PETRO SUPPLY / SOURCE,,33375001,"NOV 3"" primary end cap",62.48,ok,book,,,,0,,,62.48 | -
PRICE_BOOK,,CATEGORY 4 - PETRO SUPPLY / SOURCE,,50210101,"PSX20 adhesive kit, 5 oz single",19.2,ok,book,,,,0,,,19.20 | -
PRICE_BOOK,,CATEGORY 4 - PETRO SUPPLY / SOURCE,,RF-07-01-U,"Bravo conduit entry fitting, split",131.4,ok,book,,,,0,,,131.40 | -
PRICE_BOOK,,CATEGORY 4 - PETRO SUPPLY / SOURCE,,RF-100 EPOXY KIT,Bravo 7 oz epoxy kit,25.52,ok,book,,,,0,,,25.52 | -
PRICE_BOOK,,CATEGORY 4 - PETRO SUPPLY / SOURCE,,CU-380,Encore universal conversion frame,677.35,ok,book,,,,0,,,677.35 | -
PRICE_BOOK,,CATEGORY 4 - PETRO SUPPLY / SOURCE,,FL42BLACK,"42"" Fiberlite cover only, old style",1179.11,ok,book,,,,0,,,1179.11 | -
PRICE_BOOK,,CATEGORY 4 - PETRO SUPPLY / SOURCE,,GRD-FG-SEAM-KIT,STP sump fiberglass seam kit,349.47,ok,book,,,,0,,,349.47 SELL | [WAWA]
PRICE_BOOK,,CATEGORY 4 - PETRO SUPPLY / SOURCE,,VDR-0514100-304,Veeder-Root seal pack,6.46,ok,book,,,,0,,,6.46 | -
PRICE_BOOK,,CATEGORY 4 - PETRO SUPPLY / SOURCE,,VDR-33102001,"1/2"" NPT cord grip, sensor",16.2,ok,book,,,,0,,,16.20 | -
PRICE_BOOK,,"SELL PRICES OFF LIVE SERVICE TICKETS (Dec 2025 - already sell, no markup)",,FIL-40510W-AD,Petro Clear filter,17.86,ok,book,,,,0,,,17.86
PRICE_BOOK,,"SELL PRICES OFF LIVE SERVICE TICKETS (Dec 2025 - already sell, no markup)",,NOZ-OPW66REC-1000,Non-vap breakaway,59.11,ok,book,,,,0,,,59.11
PRICE_BOOK,,"SELL PRICES OFF LIVE SERVICE TICKETS (Dec 2025 - already sell, no markup)",,NOZ-OPW241TPS-0241,Non-vap swivel,23.69,ok,book,,,,0,,,23.69
PRICE_BOOK,,"SELL PRICES OFF LIVE SERVICE TICKETS (Dec 2025 - already sell, no markup)",,NOZ-OPW11BP-0400,Non-vap nozzle,70.69,ok,book,,,,0,,,70.69
PRICE_BOOK,,"SELL PRICES OFF LIVE SERVICE TICKETS (Dec 2025 - already sell, no markup)",,NOZ-OPW5BBI-2135,Diesel spout kit,31.82,ok,book,,,,0,,,31.82
PRICE_BOOK,,"SELL PRICES OFF LIVE SERVICE TICKETS (Dec 2025 - already sell, no markup)",,NOZ-OPW6BG-01000,Green hand warmer,22.15,ok,book,,,,0,,,22.15
PRICE_BOOK,,"SELL PRICES OFF LIVE SERVICE TICKETS (Dec 2025 - already sell, no markup)",,GRD-FE-VFC,Variable frequency controller,1093.43,ok,book,,,,0,,,1093.43
PRICE_BOOK,,"SELL PRICES OFF LIVE SERVICE TICKETS (Dec 2025 - already sell, no markup)",,(none),Disposal fee,7.5,ok,book,,,,0,,,7.50
PRICE_BOOK,,CATEGORY 5 - CONCRETE AND SITE,,Fiber reinforced 4000 PSI concrete,172.70 / yard,,PRICE NEEDED,book,,,,0,,,already sell | [INSTR][2020]
PRICE_BOOK,,CATEGORY 5 - CONCRETE AND SITE,,Rebar,0.29 / ft,,PRICE NEEDED,book,,,,0,,,20% on receipt | [INSTR][2020]
PRICE_BOOK,,CATEGORY 5 - CONCRETE AND SITE,,"Short load, local",475.00 - 575.00,,PRICE NEEDED,book,,,,0,,,already sell | [INSTR]
PRICE_BOOK,,CATEGORY 5 - CONCRETE AND SITE,,"Short load, in the city",850.00,,PRICE NEEDED,book,,,,0,,,already sell | [INSTR]
PRICE_BOOK,,CATEGORY 5 - CONCRETE AND SITE,,Concrete chairs,52.12 lot,,PRICE NEEDED,book,,,,0,,,20% | [2020]
PRICE_BOOK,,CATEGORY 5 - CONCRETE AND SITE,,"Sona tubes, bollards",41.99 lot,,PRICE NEEDED,book,,,,0,,,20% | [2020]
PRICE_BOOK,,CATEGORY 5 - CONCRETE AND SITE,,Concrete / rebar / backfill lump,875.00,,PRICE NEEDED,book,,,,0,,,- | [2022]
PRICE_BOOK,,CATEGORY 5 - CONCRETE AND SITE,,Disposal of concrete and debris,450.00,,PRICE NEEDED,book,,,,0,,,- | [2022]
PRICE_BOOK,,CATEGORY 6 - LODGING AND PER DIEM,,Lodging / per diem per tech per night,104.79,,PRICE NEEDED,book,,,,0,,,[INSTR][2020]
PRICE_BOOK,,CATEGORY 6 - LODGING AND PER DIEM,,"Week rate, 2 techs",419.16,,PRICE NEEDED,book,,,,0,,,[2020]
PRICE_BOOK,,CATEGORY 6 - LODGING AND PER DIEM,,Hotel lodging lump [2022],300.00,,PRICE NEEDED,book,,,,0,,,[2022]
PRICE_BOOK,,CATEGORY 6 - LODGING AND PER DIEM,,Per diem lump [2022],200.00,,PRICE NEEDED,book,,,,0,,,[2022]
PRICE_BOOK,,CATEGORY 7 - LABOR RATES,,Customer,Construction tech,,PRICE NEEDED,book,,,,0,,,Service ticket labor | Trip / truck
PRICE_BOOK,,CATEGORY 7 - LABOR RATES,,7-Eleven,78.50,78.0,ok,book,,,,0,,,78.00 (template needs fixing) | 102.50
PRICE_BOOK,,CATEGORY 7 - LABOR RATES,,Global,**82.50**,,PRICE NEEDED,book,,,,0,,,not established - GAP | not established - GAP
PRICE_BOOK,,CATEGORY 7 - LABOR RATES,,Sunoco,80.00,80.0,ok,book,,,,0,,,80.00 | 100.00
PRICE_BOOK,,CATEGORY 7 - LABOR RATES,,Independent / schools / municipal,95.00,,PRICE NEEDED,book,,,,0,,,- | -
PRICE_BOOK,,CATEGORY 9 - EQUIPMENT DAY RATES,,Skid steer / forks,850.00,,PRICE NEEDED,book,,,,0,,,[INSTR][2020]
PRICE_BOOK,,CATEGORY 9 - EQUIPMENT DAY RATES,,"Skid steer, excavation",775.00,,PRICE NEEDED,book,,,,0,,,"[2022] - OPEN QUESTION, is demo a separate higher line?"
PRICE_BOOK,,CATEGORY 9 - EQUIPMENT DAY RATES,,Scissor / rough terrain lift,819.52,,PRICE NEEDED,book,,,,0,,,[INSTR]
PRICE_BOOK,,CATEGORY 9 - EQUIPMENT DAY RATES,,Air compressor P185,250.00,,PRICE NEEDED,book,,,,0,,,[INSTR][2020]
PRICE_BOOK,,CATEGORY 9 - EQUIPMENT DAY RATES,,Breaker attachment,225.00,,PRICE NEEDED,book,,,,0,,,[INSTR][2020]
PRICE_BOOK,,CATEGORY 9 - EQUIPMENT DAY RATES,,Intrinsic safe vac trailer,225.00,,PRICE NEEDED,book,,,,0,,,[INSTR][2020]
PRICE_BOOK,,CATEGORY 9 - EQUIPMENT DAY RATES,,Site fencing / barricades,275.00 [2020] / 175.00 [2022] / 225.00 equipment card,,PRICE NEEDED,book,,,,0,,,OPEN QUESTION
PRICE_BOOK,,CATEGORY 9 - EQUIPMENT DAY RATES,,Confined space blower / heater,175.00,,PRICE NEEDED,book,,,,0,,,[INSTR][2020]
PRICE_BOOK,,CATEGORY 9 - EQUIPMENT DAY RATES,,"16"" concrete saw with blade",90.00,,PRICE NEEDED,book,,,,0,,,[INSTR][2020]
PRICE_BOOK,,CATEGORY 9 - EQUIPMENT DAY RATES,,Drop tube extractor tool,75.00,,PRICE NEEDED,book,,,,0,,,[INSTR]
PRICE_BOOK,,CATEGORY 10 - DISPOSABLES AND MISC,,Disposables per tech per day,13.20,13.2,ok,book,,,,0,,,[17703] - 7 techs x 13.20 = 92.40
PRICE_BOOK,,CATEGORY 10 - DISPOSABLES AND MISC,,"Disposables, small job lump",26.59 - 26.80,,PRICE NEEDED,book,,,,0,,,[WAWA][SHEETZ]
PRICE_BOOK,,CATEGORY 10 - DISPOSABLES AND MISC,,"Disposables, wireless sensor job",58.80,,PRICE NEEDED,book,,,,0,,,[20412]
PRICE_BOOK,,CATEGORY 10 - DISPOSABLES AND MISC,,Disposables lump,175.00,,PRICE NEEDED,book,,,,0,,,[2022]
PRICE_BOOK,,CATEGORY 10 - DISPOSABLES AND MISC,,"DOT barrel, closed top",31.03,,PRICE NEEDED,book,,,,0,,,[2022]
PRICE_BOOK,,CATEGORY 10 - DISPOSABLES AND MISC,,"16"" diamond blades",530.17,,PRICE NEEDED,book,,,,0,,,[2020]
PRICE_BOOK,,CATEGORY 10 - DISPOSABLES AND MISC,,"Acetone, blades, premix saw fuel",151.67,,PRICE NEEDED,book,,,,0,,,[2020]
PRICE_BOOK,,CATEGORY 10 - DISPOSABLES AND MISC,,"Spray paint, wire lube, tape, fuel",258.91,,PRICE NEEDED,book,,,,0,,,[2020]
PRICE_BOOK,,CATEGORY 10 - DISPOSABLES AND MISC,,Spray paint and caution tape,81.99,,PRICE NEEDED,book,,,,0,,,[2020]
PRICE_BOOK,,CATEGORY 10 - DISPOSABLES AND MISC,,Nitrogen tank / nitrogen,27.00 [2020] / 72.50 [17703],,PRICE NEEDED,book,,,,0,,,conflict
PRICE_BOOK,,CATEGORY 10 - DISPOSABLES AND MISC,,"Hardware, nuts and bolts",37.89,,PRICE NEEDED,book,,,,0,,,[2020]
PRICE_BOOK,,CATEGORY 10 - DISPOSABLES AND MISC,,UDC safety cover,78.00,,PRICE NEEDED,book,,,,0,,,[17703]
PRICE_BOOK,,CATEGORY 10 - DISPOSABLES AND MISC,,Chain / key lock,58.34,,PRICE NEEDED,book,,,,0,,,[17703]
PRICE_BOOK,,CATEGORY 10 - DISPOSABLES AND MISC,,"SEI spec acrylic paint, debranding",69.60 / gal,,PRICE NEEDED,book,,,,0,,,[17703]
PRICE_BOOK,,CATEGORY 10 - DISPOSABLES AND MISC,,"Permit fee, Virginia",164.32,,PRICE NEEDED,book,,,,0,,,[2020]
PRICE_BOOK,,"PRE-BUILT ASSEMBLIES (restated at 20% markup, include labor where noted)",,Assembly,Price,,PRICE NEEDED,book,,,,0,,,Labor included?
PRICE_BOOK,,"PRE-BUILT ASSEMBLIES (restated at 20% markup, include labor where noted)",,"Dispenser electrical, Advantage",394.66,,PRICE NEEDED,book,,,,0,,,yes
PRICE_BOOK,,"PRE-BUILT ASSEMBLIES (restated at 20% markup, include labor where noted)",,"Dispenser piping 1.5"" galv",212.87,,PRICE NEEDED,book,,,,0,,,yes
PRICE_BOOK,,"PRE-BUILT ASSEMBLIES (restated at 20% markup, include labor where noted)",,"Dispenser piping 1.5"" black",69.61,,PRICE NEEDED,book,,,,0,,,yes
PRICE_BOOK,,"PRE-BUILT ASSEMBLIES (restated at 20% markup, include labor where noted)",,Dispenser disposables,18.26,,PRICE NEEDED,book,,,,0,,,-
PRICE_BOOK,,"PRE-BUILT ASSEMBLIES (restated at 20% markup, include labor where noted)",,Drop tube disposables,17.72,,PRICE NEEDED,book,,,,0,,,-
PRICE_BOOK,,"PRE-BUILT ASSEMBLIES (restated at 20% markup, include labor where noted)",,UDC cover,197.83,,PRICE NEEDED,book,,,,0,,,includes build labor
PRICE_BOOK,,"PRE-BUILT ASSEMBLIES (restated at 20% markup, include labor where noted)",,UDC sensor guide,119.98,,PRICE NEEDED,book,,,,0,,,-
PRICE_BOOK,,"PRE-BUILT ASSEMBLIES (restated at 20% markup, include labor where noted)",,"STP termination kit FRP, prebuilt",54.41,,PRICE NEEDED,book,,,,0,,,-
PRICE_BOOK,,"PRE-BUILT ASSEMBLIES (restated at 20% markup, include labor where noted)",,"STP termination kit FRP, built on site",29.91,,PRICE NEEDED,book,,,,0,,,-
PRICE_BOOK,,"PRE-BUILT ASSEMBLIES (restated at 20% markup, include labor where noted)",,"STP termination kit Flex, prebuilt",55.19,,PRICE NEEDED,book,,,,0,,,-
PRICE_BOOK,,"PRE-BUILT ASSEMBLIES (restated at 20% markup, include labor where noted)",,"Jumper kit Flex, prebuilt",53.10,,PRICE NEEDED,book,,,,0,,,-
PRICE_BOOK,,"PRE-BUILT ASSEMBLIES (restated at 20% markup, include labor where noted)",,Low voltage disconnect,113.05,,PRICE NEEDED,book,,,,0,,,-
PRICE_BOOK,,"PRE-BUILT ASSEMBLIES (restated at 20% markup, include labor where noted)",,Steel multiport,885.89,,PRICE NEEDED,book,,,,0,,,includes 8 hr labor + weld
PRICE_BOOK,,MAN-HOUR LIBRARY,Small and medium jobs,Job,Scope,,PRICE NEEDED,book,,,,0,,,Hours | Crew | Source
PRICE_BOOK,,MAN-HOUR LIBRARY,Small and medium jobs,20412 Haymarket VA,"Wireless sensor system, full site",60.0,ok,book,,,,0,,,60.00 | - | [20412]
PRICE_BOOK,,MAN-HOUR LIBRARY,Small and medium jobs,240 SHEETZ,"1 product entry boot replacement, PUL",8.5,ok,book,,,,0,,,8.50 | 2 techs x 4.25 | [SHEETZ]
PRICE_BOOK,,MAN-HOUR LIBRARY,Small and medium jobs,660 WAWA,PUL STP sump fiberglass top hat repair,16.25,ok,book,,,,0,,,16.25 | - | [WAWA]
PRICE_BOOK,,MAN-HOUR LIBRARY,Small and medium jobs,660 WAWA,"FL100 / PCI retrofit survey, 3 tanks",8.0,ok,book,,,,0,,,8.00 | - | [WAWA]
PRICE_BOOK,,MAN-HOUR LIBRARY,Small and medium jobs,17703 Martinsburg WV,"Store closure and demo prep, dispensers out",36.75,ok,book,,,,0,,,36.75 | 7 techs x 5.25 | [17703]
PRICE_BOOK,,MAN-HOUR LIBRARY,Small and medium jobs,40044 Fredericksburg VA,"Full remodel, 2 weeks",1002.25,ok,book,,,,0,,,"1,002.25 approx | 12 techs | [2020]"
WEB_VERIFIED,,OPW TANK SUMP LID HARDWARE — the complete set,,**H13214M**,"OPW sump lid gasket / top seal, **33 inch**, polyethylene tank sump",82.88,ok,book,,,,0,,,"**$82.88** | $97.50 | Source North America, 08/25/2026"
WEB_VERIFIED,,OPW TANK SUMP LID HARDWARE — the complete set,,**H13215M**,"OPW sump lid seal, **39 inch** — for the larger sump",,PRICE NEEDED,book,,,,0,,,price not pulled | — | JF Petroleum listing exists
WEB_VERIFIED,,OPW TANK SUMP LID HARDWARE — the complete set,,**H13257M**,"OPW **knob** — the ""thumb nut."" Pisces / FlexWorks poly and fiberglass tank sump, mechanically fastened cover",33.92,ok,book,,,,0,,,"**$33.92** | $39.90 | Source North America, 08/25/2026"
WEB_VERIFIED,,OPW TANK SUMP LID HARDWARE — the complete set,,**H13268M**,OPW FlexWorks tank sump **nut** — required with the H13257M knob,8.25,ok,book,,,,0,,,"**$8.25** | $9.70 | Source North America, 08/25/2026"
WEB_VERIFIED,,OPW TANK SUMP LID HARDWARE — the complete set,,D02025M,33 inch polyethylene FlexWorks sump lid (whole lid),,PRICE NEEDED,book,,,,0,,,price not pulled | — | Source North America
WEB_VERIFIED,,OPW TANK SUMP LID HARDWARE — the complete set,,D02238,"FlexWorks fiberglass tank sump cover assembly, 33 inch, for TSMF-4536 and TSDF-4536",,PRICE NEEDED,book,,,,0,,,price not pulled | — | Source North America
WEB_VERIFIED,,OPW PIPING AND ENTRY FITTINGS,,**REF-0075C**,"OPW Rigid Entry Fitting, 3/4 inch rigid conduit, **nylon**. Minimal exposed rubber, still accommodates ground movement.",134.8,ok,book,,,,0,,,"**$134.80** | Global Fueling Systems, 08/25/2026"
WEB_VERIFIED,,OPW PIPING AND ENTRY FITTINGS,,**REF-4015**,"OPW FlexWorks Rigid Entry Fitting, **4 inch x 1-1/2 inch**",199.2,ok,book,,,,0,,,"**$199.20** | Global Fueling Systems, 08/25/2026"
WEB_VERIFIED,,OPW PIPING AND ENTRY FITTINGS,,**DPC-2150A**,"OPW **1-1/2 inch Double Wall Swage-On Swivel Pipe Coupling, flat gasket, stainless steel.** Interconnects FlexWorks flexible pipe. Must be inside a containment sump — never direct buried.",255.0,ok,book,,,,0,,,"**$255.00** | Global Fueling Systems, 08/25/2026"
WEB_VERIFIED,,OPW PIPING AND ENTRY FITTINGS,,**C15A**,"OPW FlexWorks 1-1/2 inch double wall primary pipe, 1-1/2 in ID x 2 in OD, UL 971 listed",42.59,ok,book,,,,0,,,"**$42.59 / ft** (list $50.10) | Source North America, 08/25/2026"
WEB_VERIFIED,,OPW PIPING AND ENTRY FITTINGS,,**116-7085**,"OPW 4 inch threaded pipe cap, **Duratuff composite**, nitrile seal. Used as the probe riser cap. Composite so the steel riser does not rust the cap on.",66.13,ok,book,,,,0,,,"**$66.13** (list $77.80) | Source North America, 08/25/2026"
WEB_VERIFIED,,STANDING ESTIMATES USED ON GLOBAL 3613 — still need a real number,,"4 inch x 10 FT Sch 40 black steel probe riser, threaded",$245.00 ea,,PRICE NEEDED,book,,,,0,,,Ferguson
WEB_VERIFIED,,STANDING ESTIMATES USED ON GLOBAL 3613 — still need a real number,,"12 inch x 4 inch exterior wire trough, NEMA 3R",$310.00 ea,,PRICE NEEDED,book,,,,0,,,EECO / Capital Tristate
WEB_VERIFIED,,STANDING ESTIMATES USED ON GLOBAL 3613 — still need a real number,,3/4 inch exterior PVC pull 90 / LB condulet,$18.00 ea,,PRICE NEEDED,book,,,,0,,,EECO / Capital Tristate
WEB_VERIFIED,,STANDING ESTIMATES USED ON GLOBAL 3613 — still need a real number,,"#57 stone backfill, delivered",$58.00 / CY,,PRICE NEEDED,book,,,,0,,,Local PG County aggregate
WEB_VERIFIED,,STANDING ESTIMATES USED ON GLOBAL 3613 — still need a real number,,Wire lube and electrical tape (inside Consumables - Electrical),$95.00 lot,,PRICE NEEDED,book,,,,0,,,EECO / Home Depot
WEB_VERIFIED,,STANDING ESTIMATES USED ON GLOBAL 3613 — still need a real number,,Prince George's County MD trade permits,"$3,500.00",,PRICE NEEDED,book,,,,0,,,PG County DPIE
